"BFS_n","municipality","german","french","italian","other_lang","romansh"
1,"Aeugst am Albis",1470,14,9,50,1
2,"Affoltern am Albis",8511,81,514,1194,14
3,"Bonstetten",3527,36,73,246,11
4,"Hausen am Albis",2846,16,37,140,1
5,"Hedingen",2652,30,91,209,9
6,"Kappel am Albis",831,6,2,26,0
7,"Knonau",1343,8,38,56,0
8,"Maschwanden",541,2,3,7,0
9,"Mettmenstetten",3455,21,60,185,3
10,"Obfelden",3747,31,164,227,13
11,"Ottenbach",2025,18,37,80,4
12,"Rifferswil",696,5,3,9,1
13,"Stallikon",2372,50,26,156,4
14,"Wettswil am Albis",3471,54,51,201,7
22,"Benken (ZH)",660,10,4,30,0
23,"Berg am Irchel",546,2,3,21,1
24,"Buch am Irchel",716,1,0,11,0
25,"Dachsen",1458,10,24,39,2
26,"Dorf",566,2,1,24,0
27,"Feuerthalen",2710,11,90,160,2
28,"Flaach",1066,4,5,85,4
29,"Flurlingen",1177,8,11,51,1
31,"Henggart",1530,11,17,63,0
33,"Kleinandelfingen",1674,9,37,100,1
34,"Laufen-Uhwiesen",1328,6,5,29,1
35,"Marthalen",1724,11,10,51,7
37,"Ossingen",1205,4,6,54,3
38,"Rheinau",1501,13,13,117,1
39,"Thalheim an der Thur",593,2,1,41,0
40,"Trüllikon",936,1,7,45,0
41,"Truttikon",417,0,2,15,1
43,"Volken",251,0,1,16,0
51,"Bachenbülach",2429,53,147,449,5
52,"Bassersdorf",6449,96,287,674,9
53,"Bülach",11746,155,652,1426,20
54,"Dietlikon",5259,102,326,574,20
55,"Eglisau",2613,30,86,159,5
56,"Embrach",6455,95,241,928,25
57,"Freienstein-Teufen",1934,17,47,127,2
58,"Glattfelden",3064,20,132,321,7
59,"Hochfelden",1393,24,38,123,1
60,"Höri",1761,14,216,308,1
61,"Hüntwangen",757,4,6,15,0
62,"Kloten",13540,371,714,2517,48
63,"Lufingen",1042,15,21,94,0
64,"Nürensdorf",4056,55,100,260,4
65,"Oberembrach",941,10,7,32,0
66,"Opfikon",8743,218,660,2408,33
67,"Rafz",3094,18,86,193,4
68,"Rorbas",1917,29,62,185,8
69,"Wallisellen",9930,175,455,1345,34
70,"Wasterkingen",549,4,0,6,1
71,"Wil (ZH)",1258,7,9,43,0
72,"Winkel",3026,48,45,191,7
81,"Bachs",553,6,4,14,0
82,"Boppelsen",939,7,3,62,7
83,"Buchs (ZH)",3706,43,113,311,9
84,"Dällikon",2731,32,129,367,2
85,"Dänikon",1529,12,46,161,1
86,"Dielsdorf",4110,65,197,502,8
87,"Hüttikon",476,3,4,50,0
88,"Neerach",2199,39,21,103,4
89,"Niederglatt",3285,35,177,234,6
90,"Niederhasli",6368,96,354,766,5
91,"Niederweningen",2016,28,37,134,5
92,"Oberglatt",4025,58,272,751,14
93,"Oberweningen",1188,10,22,68,2
94,"Otelfingen",1698,20,56,77,1
95,"Regensberg",453,8,4,22,0
96,"Regensdorf",11747,188,845,2276,42
97,"Rümlang",4637,60,261,582,12
98,"Schleinikon",610,3,3,20,1
99,"Schöfflisdorf",1045,10,16,59,3
100,"Stadel",1630,11,11,86,1
101,"Steinmaur",2426,28,58,226,4
102,"Weiach",930,10,6,47,1
111,"Bäretswil",3918,18,70,160,6
112,"Bubikon",5079,35,114,188,8
113,"Dürnten",5429,30,151,462,10
114,"Fischenthal",1860,5,14,82,0
115,"Gossau (ZH)",8022,45,174,425,19
116,"Grüningen",2844,23,60,162,3
117,"Hinwil",8346,44,221,530,16
118,"Rüti (ZH)",9237,64,492,995,16
119,"Seegräben",1149,8,17,104,1
120,"Wald (ZH)",7063,32,436,873,17
121,"Wetzikon (ZH)",15189,117,1035,1755,33
131,"Adliswil",12806,323,778,1872,43
135,"Kilchberg (ZH)",6043,137,203,804,10
136,"Langnau am Albis",5591,91,349,552,12
137,"Oberrieden",4116,65,92,305,5
138,"Richterswil",9220,99,303,715,17
139,"Rüschlikon",4134,102,112,501,9
141,"Thalwil",13272,266,713,1505,49
151,"Erlenbach (ZH)",3977,71,126,425,10
152,"Herrliberg",4903,119,66,398,13
153,"Hombrechtikon",6443,53,177,562,11
154,"Küsnacht (ZH)",10744,234,313,1170,23
155,"Männedorf",7347,80,213,688,20
156,"Meilen",10051,181,281,942,25
157,"Oetwil am See",3602,32,165,568,8
158,"Stäfa",10249,117,379,804,18
159,"Uetikon am See",4643,64,140,350,13
160,"Zumikon",3869,83,147,443,8
161,"Zollikon",10013,265,282,1072,30
172,"Fehraltorf",4153,37,123,361,13
173,"Hittnau",2822,21,28,89,5
176,"Lindau",3484,42,149,392,5
177,"Pfäffikon",8335,46,437,760,14
178,"Russikon",3674,27,43,204,4
180,"Weisslingen",2697,14,30,85,1
181,"Wila",1656,9,20,105,3
182,"Wildberg",860,5,2,19,0
191,"Dübendorf",18173,437,1004,2554,48
192,"Egg",6526,68,186,659,16
193,"Fällanden",5576,125,112,600,10
194,"Greifensee",4628,89,77,437,11
195,"Maur",7497,183,144,830,23
196,"Mönchaltorf",2938,33,55,153,4
197,"Schwerzenbach",3610,65,152,421,8
198,"Uster",24286,252,1282,2684,67
199,"Volketswil",12001,159,440,1454,16
200,"Wangen-Brüttisellen",4871,78,319,694,16
211,"Altikon",603,0,1,9,0
213,"Brütten",1687,20,11,54,2
214,"Dägerlen",822,3,5,28,1
215,"Dättlikon",512,1,2,14,0
216,"Dinhard",1266,6,7,22,0
218,"Ellikon an der Thur",692,4,3,43,0
219,"Elsau",2697,19,37,143,4
220,"Hagenbuch",1022,8,11,44,0
221,"Hettlingen",2256,24,17,85,1
223,"Neftenbach",4250,20,59,172,3
224,"Pfungen",2115,12,153,202,4
225,"Rickenbach (ZH)",1941,7,25,54,0
226,"Schlatt (ZH)",588,1,6,14,1
227,"Seuzach",6066,48,140,298,6
228,"Turbenthal",3603,17,156,313,2
230,"Winterthur",75137,854,4437,9910,145
231,"Zell (ZH)",4025,24,130,414,2
241,"Aesch (ZH)",884,11,12,42,1
242,"Birmensdorf (ZH)",4750,75,143,474,9
243,"Dietikon",15787,230,1906,3389,41
244,"Geroldswil",4077,42,131,286,4
245,"Oberengstringen",4810,95,276,687,11
246,"Oetwil an der Limmat",1940,40,30,103,7
247,"Schlieren",9521,127,1135,2538,35
248,"Uitikon",3142,73,49,209,7
249,"Unterengstringen",2474,46,85,218,9
250,"Urdorf",8070,103,341,882,21
251,"Weiningen (ZH)",3252,37,148,348,6
261,"Zürich",282277,7746,17063,55197,990
291,"Andelfingen",2431,12,66,128,2
292,"Stammheim",2505,13,10,64,1
293,"Wädenswil",19090,254,767,1979,34
294,"Elgg",3676,21,83,227,5
295,"Horgen",15706,195,1002,2395,34
296,"Illnau-Effretikon",12696,131,631,1387,42
297,"Bauma",4262,12,75,255,4
298,"Wiesendangen",4788,52,50,123,1
301,"Aarberg",3442,44,52,263,1
302,"Bargen (BE)",875,3,7,32,1
303,"Grossaffoltern",2700,23,12,65,0
304,"Kallnach",1986,14,8,69,1
305,"Kappelen",970,13,5,124,0
306,"Lyss",10786,230,389,1138,7
307,"Meikirch",2368,24,19,71,0
309,"Radelfingen",1186,10,0,21,0
310,"Rapperswil (BE)",2292,35,7,64,1
311,"Schüpfen",3142,36,21,118,1
312,"Seedorf (BE)",3037,21,7,79,0
321,"Aarwangen",3539,16,38,404,4
322,"Auswil",501,0,0,4,0
323,"Bannwil",615,2,3,17,0
324,"Bleienbach",691,5,5,21,0
325,"Busswil bei Melchnau",190,1,0,4,0
326,"Gondiswil",715,1,0,17,1
329,"Langenthal",12549,108,484,1496,6
331,"Lotzwil",2109,11,42,171,1
332,"Madiswil",3003,7,5,95,0
333,"Melchnau",1514,5,16,134,0
335,"Oeschenbach",275,1,1,2,0
336,"Reisiswil",188,4,0,5,0
337,"Roggwil (BE)",3317,10,72,201,0
338,"Rohrbach",1311,3,3,47,0
339,"Rohrbachgraben",432,0,0,4,0
340,"Rütschelen",525,1,0,4,0
341,"Schwarzhäusern",427,4,1,6,0
342,"Thunstetten",2671,16,39,230,1
344,"Ursenbach",887,2,2,9,0
345,"Wynau",1416,9,35,123,1
351,"Bern",104465,4671,5062,14265,171
352,"Bolligen",5490,130,60,204,9
353,"Bremgarten bei Bern",3508,75,41,177,1
354,"Kirchlindach",2538,61,18,114,5
355,"Köniz",32994,1023,837,2891,37
356,"Muri bei Bern",11180,383,178,822,8
357,"Oberbalm",826,1,1,7,0
358,"Stettlen",2609,50,43,128,3
359,"Vechigen",4415,42,21,135,1
360,"Wohlen bei Bern",8250,164,85,448,5
361,"Zollikofen",8173,230,266,755,13
362,"Ittigen",9477,272,283,955,4
363,"Ostermundigen",12677,372,677,1708,18
371,"Biel/Bienne",26957,13695,2925,5041,37
372,"Evilard",1426,811,35,102,2
381,"Arch",1502,24,9,53,0
382,"Büetigen",673,19,5,10,0
383,"Büren an der Aare",2855,41,51,187,2
385,"Diessbach bei Büren",839,9,3,11,0
386,"Dotzigen",1304,21,13,50,3
387,"Lengnau (BE)",3914,116,103,323,3
388,"Leuzigen",1123,11,7,19,0
390,"Meinisberg",1070,46,7,66,0
391,"Oberwil bei Büren",750,7,0,8,1
392,"Pieterlen",2832,116,81,247,6
393,"Rüti bei Büren",849,18,6,25,0
394,"Wengi",530,10,0,12,0
401,"Aefligen",974,5,4,30,1
402,"Alchenstorf",543,2,1,5,0
403,"Bäriswil",996,10,5,16,0
404,"Burgdorf",13088,116,402,1100,8
405,"Ersigen",1734,9,7,55,1
406,"Hasle bei Burgdorf",2827,7,9,105,0
407,"Heimiswil",1525,4,1,13,0
409,"Hindelbank",1968,23,12,108,1
410,"Höchstetten",439,3,0,6,0
411,"Kernenried",436,1,0,8,0
412,"Kirchberg (BE)",4769,47,159,267,2
413,"Koppigen",1952,14,13,86,1
414,"Krauchthal",2265,21,11,183,0
415,"Lyssach",1308,5,13,65,0
418,"Oberburg",2459,12,57,211,1
420,"Rüdtligen-Alchenflüh",1785,18,79,209,3
421,"Rumendingen",134,1,0,1,0
422,"Rüti bei Lyssach",152,1,0,3,0
423,"Willadingen",169,0,0,2,0
424,"Wynigen",1993,8,3,33,0
431,"Corgémont",241,1157,50,42,3
432,"Cormoret",62,459,1,7,1
433,"Cortébert",133,527,23,30,1
434,"Courtelary",125,933,21,42,6
435,"La Ferrière",85,418,5,5,0
437,"Mont-Tramelan",82,30,0,4,0
438,"Orvin",175,1019,6,35,0
441,"Renan (BE)",216,590,9,20,1
442,"Romont (BE)",81,104,5,7,0
443,"Saint-Imier",315,4049,183,258,2
444,"Sonceboz-Sombeval",202,1358,53,52,1
445,"Sonvilier",205,889,22,41,1
446,"Tramelan",343,3593,85,144,0
448,"Villeret",102,749,14,35,1
449,"Sauge",193,589,8,48,0
450,"Péry-La Heutte",303,1430,38,48,4
491,"Brüttelen",589,26,2,26,0
492,"Erlach",1006,41,8,68,0
493,"Finsterhennen",376,8,4,23,0
494,"Gals",544,107,2,36,0
495,"Gampelen",689,93,5,25,0
496,"Ins",2685,105,21,133,3
497,"Lüscherz",464,18,1,9,0
498,"Müntschemier",904,37,11,155,0
499,"Siselen",581,1,1,29,0
500,"Treiten",377,8,0,10,0
501,"Tschugg",471,18,8,25,0
502,"Vinelz",677,39,0,19,0
533,"Bätterkinden",2562,15,16,105,2
538,"Fraubrunnen",4353,38,20,96,0
540,"Jegenstorf",4371,50,40,185,4
541,"Iffwil",405,2,0,6,0
543,"Mattstetten",566,4,2,11,0
544,"Moosseedorf",3219,71,41,251,2
546,"Münchenbuchsee",8702,148,196,722,8
551,"Urtenen-Schönbühl",4628,86,87,492,2
552,"Utzenstorf",3485,14,24,125,1
553,"Wiggiswil",175,0,0,9,0
554,"Wiler bei Utzenstorf",754,8,10,9,0
556,"Zielebach",325,0,4,2,0
557,"Zuzwil (BE)",460,6,0,8,0
561,"Adelboden",3453,29,17,129,6
562,"Aeschi bei Spiez",1927,10,3,85,0
563,"Frutigen",6403,35,23,198,2
564,"Kandergrund",868,4,14,59,0
565,"Kandersteg",1022,12,5,98,0
566,"Krattigen",838,16,3,25,0
567,"Reichenbach im Kandertal",3230,17,6,71,1
571,"Beatenberg",1185,12,6,75,1
572,"Bönigen",2086,14,16,65,1
573,"Brienz (BE)",2746,38,19,151,2
574,"Brienzwiler",543,5,1,31,0
575,"Därligen",338,6,2,12,1
576,"Grindelwald",3531,69,60,405,4
577,"Gsteigwiler",462,3,1,10,1
578,"Gündlischwand",253,2,0,8,0
579,"Habkern",616,1,0,7,0
580,"Hofstetten bei Brienz",528,5,7,11,0
581,"Interlaken",4271,64,145,628,11
582,"Iseltwald",422,3,3,6,0
584,"Lauterbrunnen",2483,42,40,344,5
585,"Leissigen",841,11,4,41,1
586,"Lütschental",244,0,0,9,0
587,"Matten bei Interlaken",3315,32,84,238,2
588,"Niederried bei Interlaken",316,0,10,16,0
589,"Oberried am Brienzersee",460,2,5,17,1
590,"Ringgenberg (BE)",2408,15,19,111,1
591,"Saxeten",127,0,0,1,0
592,"Schwanden bei Brienz",581,2,4,18,0
593,"Unterseen",4636,45,105,413,2
594,"Wilderswil",2116,19,20,82,1
602,"Arni (BE)",960,5,3,22,0
603,"Biglen",1698,9,26,52,5
605,"Bowil",1317,3,0,19,0
606,"Brenzikofen",480,0,0,5,0
607,"Freimettigen",367,1,0,22,0
608,"Grosshöchstetten",3590,17,63,181,1
609,"Häutligen",220,0,0,1,0
610,"Herbligen",492,3,0,5,0
611,"Kiesen",708,4,3,26,1
612,"Konolfingen",4281,22,62,240,1
613,"Landiswil",652,0,0,3,0
614,"Linden",1262,25,2,16,2
615,"Mirchel",487,1,0,3,0
616,"Münsingen",10973,121,160,492,9
617,"Niederhünigen",589,3,0,22,0
619,"Oberdiessbach",3453,27,17,114,0
620,"Oberthal",795,2,0,3,0
622,"Oppligen",573,3,1,13,0
623,"Rubigen",2296,39,33,133,1
626,"Walkringen",1899,6,6,42,3
627,"Worb",9869,135,202,683,6
628,"Zäziwil",1751,9,16,34,0
630,"Allmendingen",471,7,4,13,0
632,"Wichtrach",3503,18,40,136,2
662,"Ferenbalm",1208,13,13,27,1
663,"Frauenkappelen",1214,19,8,37,2
665,"Gurbrü",231,5,0,2,0
666,"Kriechenwil",396,7,0,7,0
667,"Laupen",2581,42,43,129,1
668,"Mühleberg",2579,36,7,99,1
669,"Münchenwiler",398,21,3,10,2
670,"Neuenegg",4058,50,30,221,3
671,"Wileroltigen",341,1,1,16,0
681,"Belprahon",21,289,6,12,0
683,"Champoz",14,137,0,0,0
687,"Corcelles (BE)",31,173,1,0,0
690,"Court",89,1202,13,42,3
691,"Crémines",81,464,2,30,0
692,"Eschert",29,298,10,19,0
694,"Grandval",44,315,3,5,1
696,"Loveresse",43,287,1,2,0
700,"Moutier",303,6658,275,463,2
701,"Perrefitte",44,401,14,17,0
703,"Reconvilier",166,1999,72,180,0
704,"Roches (BE)",34,184,3,4,0
706,"Saicourt",85,565,10,13,0
707,"Saules (BE)",13,150,0,1,0
708,"Schelten",43,8,0,1,0
709,"Seehof",72,7,0,0,0
711,"Sorvilier",19,246,1,6,0
713,"Tavannes",202,2835,122,214,0
715,"Rebévelier",20,10,0,0,0
716,"Petit-Val",123,258,0,4,0
717,"Valbirse",198,3221,137,152,2
723,"La Neuveville",540,2644,100,158,3
724,"Nods",82,568,3,15,0
726,"Plateau de Diesse",390,1495,12,53,2
731,"Aegerten",1512,70,22,59,0
732,"Bellmund",1098,76,20,27,0
733,"Brügg",3323,293,115,280,0
734,"Bühl",370,10,1,8,0
735,"Epsach",311,7,1,3,0
736,"Hagneck",342,11,0,3,1
737,"Hermrigen",253,3,1,3,0
738,"Jens",585,13,1,9,1
739,"Ipsach",2837,287,34,106,2
740,"Ligerz",442,31,2,15,0
741,"Merzligen",376,25,2,8,0
742,"Mörigen",653,43,1,7,1
743,"Nidau",5022,1071,186,514,5
744,"Orpund",2168,166,37,130,1
745,"Port",2347,304,44,102,2
746,"Safnern",1652,81,14,32,0
747,"Scheuren",398,19,2,2,0
748,"Schwadernau",614,17,4,34,0
749,"Studen (BE)",2140,85,36,124,2
750,"Sutz-Lattrigen",1064,53,7,26,1
751,"Täuffelen",2221,81,32,101,2
754,"Walperswil",759,7,3,19,0
755,"Worben",2010,53,18,116,2
756,"Twann-Tüscherz",999,79,7,63,0
761,"Därstetten",852,8,2,15,2
762,"Diemtigen",2017,4,3,29,1
763,"Erlenbach im Simmental",1755,14,2,30,1
766,"Oberwil im Simmental",796,1,0,5,1
767,"Reutigen",887,3,3,13,3
768,"Spiez",11302,101,100,519,5
769,"Wimmis",2223,15,15,58,3
770,"Stocken-Höfen",938,3,1,9,1
782,"Guttannen",322,1,0,4,1
783,"Hasliberg",1146,11,7,111,1
784,"Innertkirchen",1161,5,6,36,0
785,"Meiringen",4190,43,62,426,2
786,"Schattenhalb",607,2,4,41,0
791,"Boltigen",1392,7,2,35,0
792,"Lenk",2201,14,5,112,5
793,"St. Stephan",1321,5,10,45,0
794,"Zweisimmen",2813,29,4,123,1
841,"Gsteig",849,20,2,36,4
842,"Lauenen",742,13,0,39,0
843,"Saanen",5676,247,120,866,5
852,"Guggisberg",1628,5,1,26,0
853,"Rüschegg",1585,8,2,32,1
855,"Schwarzenburg",6421,51,25,188,3
861,"Belp",8876,107,104,474,5
863,"Burgistein",1007,3,1,18,0
866,"Gerzensee",884,14,0,12,1
867,"Gurzelen",696,8,0,7,0
868,"Jaberg",229,0,2,4,0
869,"Kaufdorf",753,6,1,29,1
870,"Kehrsatz",3225,74,70,334,7
872,"Kirchdorf (BE)",1463,12,3,17,5
879,"Riggisberg",2915,16,9,111,3
880,"Rüeggisberg",1892,8,1,37,1
883,"Seftigen",2014,5,6,51,0
884,"Toffen",2112,28,11,67,5
885,"Uttigen",1566,11,7,42,0
886,"Wattenwil",2648,10,12,100,0
888,"Wald (BE)",1754,8,6,16,1
889,"Thurnen",1728,15,0,38,0
901,"Eggiwil",2451,1,0,49,0
902,"Langnau im Emmental",8612,35,80,414,7
903,"Lauperswil",2599,8,6,67,1
904,"Röthenbach im Emmental",1247,1,0,14,0
905,"Rüderswil",2216,3,3,34,2
906,"Schangnau",897,1,0,12,0
907,"Signau",2741,16,3,118,0
908,"Trub",1499,1,0,6,0
909,"Trubschachen",1437,3,3,119,0
921,"Amsoldingen",741,5,2,19,0
922,"Blumenstein",1158,4,2,28,0
923,"Buchholterberg",1457,3,2,11,0
924,"Eriz",492,0,1,9,0
925,"Fahrni",698,2,3,12,0
927,"Heiligenschwendi",640,4,10,52,1
928,"Heimberg",5153,29,55,285,7
929,"Hilterfingen",3593,35,16,174,3
931,"Homberg",472,1,1,9,2
932,"Horrenbach-Buchen",222,0,0,0,0
934,"Oberhofen am Thunersee",2055,20,7,97,0
935,"Oberlangenegg",472,3,0,7,0
936,"Pohlern",226,0,0,0,0
938,"Sigriswil",4272,31,12,177,4
939,"Steffisburg",13532,124,180,769,6
940,"Teuffenthal (BE)",190,0,0,7,0
941,"Thierachern",1838,17,6,27,0
942,"Thun",36551,399,728,2668,31
943,"Uebeschi",660,8,0,10,0
944,"Uetendorf",5434,41,31,195,1
945,"Unterlangenegg",908,2,1,16,0
946,"Wachseldorn",281,0,0,0,0
948,"Forst-Längenbühl",642,6,1,6,0
951,"Affoltern im Emmental",1189,4,1,18,0
952,"Dürrenroth",1028,3,0,1,0
953,"Eriswil",1403,4,2,29,1
954,"Huttwil",4514,15,55,239,2
955,"Lützelflüh",3805,14,35,101,2
956,"Rüegsau",2861,12,13,49,0
957,"Sumiswald",4991,17,17,280,2
958,"Trachselwald",1086,2,2,10,0
959,"Walterswil (BE)",540,1,0,5,0
960,"Wyssachen",1175,2,2,18,1
971,"Attiswil",1262,5,15,52,0
972,"Berken",51,0,0,0,0
973,"Bettenhausen",675,6,0,6,0
975,"Farnern",218,2,0,1,0
976,"Graben",305,3,0,1,0
977,"Heimenhausen",969,3,16,25,0
979,"Herzogenbuchsee",5546,42,195,429,6
980,"Inkwil",641,2,1,10,0
981,"Niederbipp",3666,24,64,349,1
982,"Niederönz",1296,3,38,73,0
983,"Oberbipp",1293,7,16,91,0
985,"Ochlenberg",637,3,0,1,0
987,"Rumisberg",448,1,2,4,0
988,"Seeberg",1518,7,1,29,1
989,"Thörigen",945,4,2,14,0
990,"Walliswil bei Niederbipp",237,0,0,2,0
991,"Walliswil bei Wangen",544,3,0,4,0
992,"Wangen an der Aare",1719,11,15,141,3
995,"Wiedlisbach",2244,14,19,135,2
1001,"Doppleschwand",638,0,0,15,0
1002,"Entlebuch",3254,13,20,78,1
1004,"Flühli",1624,2,14,95,2
1005,"Hasle (LU)",1640,4,8,49,0
1007,"Romoos",721,1,1,9,0
1008,"Schüpfheim",3742,11,29,114,1
1009,"Werthenstein",1824,1,13,53,1
1010,"Escholzmatt-Marbach",4218,5,5,173,3
1021,"Aesch (LU)",911,1,2,35,1
1023,"Ballwil",2020,6,16,68,2
1024,"Emmen",21931,171,1052,3693,38
1025,"Ermensee",717,1,1,27,0
1026,"Eschenbach (LU)",2815,15,24,106,6
1030,"Hitzkirch",4421,21,27,371,1
1031,"Hochdorf",6768,36,201,752,4
1032,"Hohenrain",2342,9,8,82,1
1033,"Inwil",1705,3,2,70,3
1037,"Rain",1767,5,7,48,4
1039,"Römerswil",1443,3,1,19,2
1040,"Rothenburg",5873,34,63,267,2
1041,"Schongau",709,1,0,19,0
1051,"Adligenswil",4688,46,47,224,5
1052,"Buchrain",4371,41,89,467,8
1053,"Dierikon",1161,6,14,97,1
1054,"Ebikon",9793,68,331,1114,16
1055,"Gisikon",782,10,2,53,0
1056,"Greppen",724,7,4,30,5
1057,"Honau",301,0,1,18,0
1058,"Horw",10937,97,294,1306,14
1059,"Kriens",22110,155,631,1815,31
1061,"Luzern",62301,793,2620,9582,129
1062,"Malters",5708,14,22,380,3
1063,"Meggen",5526,53,59,282,3
1064,"Meierskappel",962,1,3,51,2
1065,"Root",3102,15,68,439,1
1066,"Schwarzenberg",1454,4,3,28,0
1067,"Udligenswil",1754,11,4,79,3
1068,"Vitznau",953,5,12,69,0
1069,"Weggis",3070,42,22,478,4
1081,"Beromünster",5101,17,40,345,3
1082,"Büron",1611,9,29,246,0
1083,"Buttisholz",2507,5,38,128,2
1084,"Eich",1227,6,3,19,1
1085,"Geuensee",1671,8,13,251,3
1086,"Grosswangen",2557,1,11,161,1
1088,"Hildisrieden",1605,5,12,51,2
1089,"Knutwil",1538,6,5,33,1
1091,"Mauensee",921,0,3,34,0
1093,"Neuenkirch",5243,15,30,226,3
1094,"Nottwil",2488,14,39,136,5
1095,"Oberkirch",2467,12,30,150,2
1097,"Rickenbach (LU)",2488,13,18,180,4
1098,"Ruswil",5999,34,46,181,2
1099,"Schenkon",2029,5,13,52,5
1100,"Schlierbach",540,3,1,23,0
1102,"Sempach",3267,21,14,176,5
1103,"Sursee",7001,26,204,814,14
1104,"Triengen",3643,12,63,460,2
1107,"Wolhusen",3777,4,33,268,4
1121,"Alberswil",478,1,0,44,0
1122,"Altbüron",828,1,0,54,0
1123,"Altishofen",1552,2,2,127,0
1125,"Dagmersellen",3930,18,71,296,4
1127,"Egolzwil",1140,3,6,73,4
1128,"Ettiswil",2039,6,5,70,1
1129,"Fischbach",637,0,4,37,0
1131,"Grossdietwil",755,2,3,47,1
1132,"Hergiswil bei Willisau",1772,1,4,30,2
1135,"Luthern",1497,0,3,20,0
1136,"Menznau",2680,6,7,157,0
1137,"Nebikon",1808,10,39,282,2
1139,"Pfaffnau",2247,10,6,125,2
1140,"Reiden",5178,14,151,609,6
1142,"Roggliswil",624,4,0,20,0
1143,"Schötz",3104,12,21,243,2
1145,"Ufhusen",778,4,0,5,2
1146,"Wauwil",1360,3,44,262,2
1147,"Wikon",1213,7,20,102,0
1150,"Zell (LU)",1873,6,2,92,2
1151,"Willisau",7590,16,48,435,2
1201,"Altdorf (UR)",7539,19,212,755,16
1202,"Andermatt",1221,4,11,35,11
1203,"Attinghausen",1437,2,6,41,1
1205,"Bürglen (UR)",3750,5,16,105,2
1206,"Erstfeld",3490,9,94,335,5
1207,"Flüelen",1672,1,35,79,0
1208,"Göschenen",485,0,2,22,2
1209,"Gurtnellen",614,3,0,13,1
1210,"Hospental",201,0,1,1,3
1211,"Isenthal",535,1,0,3,0
1212,"Realp",146,0,0,0,0
1213,"Schattdorf",4636,14,44,198,5
1214,"Seedorf (UR)",1693,1,20,21,2
1215,"Seelisberg",575,5,2,10,0
1216,"Silenen",2028,3,4,30,3
1217,"Sisikon",336,0,5,9,0
1218,"Spiringen",961,0,2,0,0
1219,"Unterschächen",761,0,2,1,0
1220,"Wassen",438,0,6,21,0
1301,"Einsiedeln",11653,41,144,757,27
1311,"Gersau",1753,9,32,139,1
1321,"Feusisberg",3443,36,34,255,11
1322,"Freienbach",11480,73,298,1175,29
1323,"Wollerau",5395,67,106,495,11
1331,"Küssnacht (SZ)",9362,56,262,1010,14
1341,"Altendorf",4225,26,63,316,8
1342,"Galgenen",3563,19,45,290,10
1343,"Innerthal",162,0,3,1,1
1344,"Lachen",5328,20,319,590,15
1345,"Reichenburg",2498,8,49,224,8
1346,"Schübelbach",5974,17,214,813,12
1347,"Tuggen",2385,3,65,189,4
1348,"Vorderthal",971,2,4,11,0
1349,"Wangen (SZ)",4177,16,76,268,3
1361,"Alpthal",435,0,0,10,0
1362,"Arth",8340,39,193,1004,17
1363,"Illgau",715,0,0,5,1
1364,"Ingenbohl",6655,22,179,607,19
1365,"Lauerz",849,4,1,20,0
1366,"Morschach",853,2,4,99,0
1367,"Muotathal",3383,6,2,115,1
1368,"Oberiberg",692,2,0,23,1
1369,"Riemenstalden",59,0,0,0,0
1370,"Rothenthurm",1875,0,26,183,5
1371,"Sattel",1364,2,2,31,3
1372,"Schwyz",12441,23,273,1040,25
1373,"Steinen",2626,4,48,91,6
1374,"Steinerberg",852,1,1,41,1
1375,"Unteriberg",2180,4,4,31,1
1401,"Alpnach",4425,12,77,416,2
1402,"Engelberg",3125,34,36,341,8
1403,"Giswil",3279,4,20,130,2
1404,"Kerns",4905,12,5,178,1
1405,"Lungern",1863,14,6,81,1
1406,"Sachseln",3997,16,41,244,7
1407,"Sarnen",8326,52,144,612,11
1501,"Beckenried",2691,14,16,100,4
1502,"Buochs",4412,20,89,324,11
1503,"Dallenwil",1580,3,4,60,2
1504,"Emmetten",1087,4,18,75,0
1505,"Ennetbürgen",3710,21,35,165,8
1506,"Ennetmoos",1777,11,21,66,0
1507,"Hergiswil (NW)",4327,53,95,272,7
1508,"Oberdorf (NW)",2735,5,18,112,2
1509,"Stans",6395,38,141,402,7
1510,"Stansstad",3898,50,92,279,6
1511,"Wolfenschiessen",1846,10,4,112,1
1630,"Glarus Nord",13490,63,723,1474,22
1631,"Glarus Süd",9277,31,351,931,22
1632,"Glarus",9998,29,615,1146,11
1701,"Baar",16119,196,706,2367,19
1702,"Cham",11282,136,245,1473,23
1703,"Hünenberg",6405,90,46,438,8
1704,"Menzingen",3990,50,44,404,7
1705,"Neuheim",1688,29,21,176,6
1706,"Oberägeri",4275,34,23,399,9
1707,"Risch",6104,80,196,857,4
1708,"Steinhausen",7585,99,243,861,13
1709,"Unterägeri",6306,63,99,696,15
1710,"Walchwil",2596,57,27,467,3
1711,"Zug",18792,304,875,2953,49
2008,"Châtillon (FR)",31,236,6,1,0
2011,"Cugy (FR)",35,1026,12,44,0
2016,"Fétigny",12,570,1,3,0
2022,"Gletterens",139,385,5,7,0
2025,"Lully (FR)",39,611,15,27,0
2027,"Ménières",14,280,1,2,0
2029,"Montagny (FR)",90,1603,12,57,0
2035,"Nuvilly",10,280,0,4,0
2038,"Prévondavaux",5,57,1,0,0
2041,"Saint-Aubin (FR)",75,1102,7,55,0
2043,"Sévaz",9,130,0,6,0
2044,"Surpierre",50,816,4,20,1
2045,"Vallon",29,233,1,4,0
2050,"Les Montets",68,928,26,82,0
2051,"Delley-Portalban",81,567,3,14,0
2053,"Belmont-Broye",185,3098,16,181,1
2054,"Estavayer",353,5749,61,552,2
2055,"Cheyres-Châbles",116,1023,6,32,2
2061,"Auboranges",4,169,0,6,0
2063,"Billens-Hennens",15,599,0,6,1
2066,"Chapelle (Glâne)",13,183,1,1,0
2067,"Le Châtelard",2,325,0,5,0
2068,"Châtonnaye",47,485,2,5,0
2072,"Ecublens (FR)",7,243,3,13,0
2079,"Grangettes",1,153,0,3,0
2086,"Massonnens",7,391,0,5,0
2087,"Mézières (FR)",14,864,3,30,0
2089,"Montet (Glâne)",5,168,0,0,0
2096,"Romont (FR)",93,3322,27,522,0
2097,"Rue",12,919,2,14,1
2099,"Siviriez",35,1750,6,59,0
2102,"Ursy",32,1775,9,94,0
2113,"Vuisternens-devant-Romont",44,1741,1,26,0
2114,"Villorsonnens",30,1031,2,50,0
2115,"Torny",31,612,3,8,0
2117,"Villaz",44,1617,7,76,0
2121,"Haut-Intyamon",42,1266,2,31,1
2122,"Pont-en-Ogoz",90,1224,4,32,0
2123,"Botterens",15,360,3,6,0
2124,"Broc",54,1826,18,170,0
2125,"Bulle",427,12360,162,1500,3
2128,"Châtel-sur-Montsalvens",18,171,0,16,0
2129,"Corbières",23,527,2,4,0
2130,"Crésuz",42,177,2,8,0
2131,"Echarlens",18,510,2,21,1
2134,"Grandvillard",12,582,0,11,0
2135,"Gruyères",60,1398,7,79,2
2137,"Hauteville",24,427,1,12,0
2138,"Jaun",621,68,0,5,0
2140,"Marsens",48,1284,12,30,0
2143,"Morlon",14,448,4,14,0
2145,"Le Pâquier (FR)",37,871,1,24,0
2147,"Pont-la-Ville",21,424,3,11,0
2148,"Riaz",55,1520,8,63,2
2149,"La Roche",46,1219,3,50,0
2152,"Sâles",18,1143,1,29,0
2153,"Sorens",24,800,2,9,1
2155,"Vaulruz",21,843,1,9,1
2160,"Vuadens",32,1549,6,70,0
2162,"Bas-Intyamon",20,902,0,24,0
2163,"Val-de-Charmey",147,1679,3,77,0
2173,"Autigny",16,572,2,22,0
2174,"Avry",107,1117,15,60,0
2175,"Belfaux",178,1959,15,143,0
2177,"Chénens",21,520,0,13,0
2183,"Corminboeuf",145,1529,16,40,0
2186,"Cottens (FR)",42,896,7,18,0
2194,"Ferpicloz",22,157,0,4,0
2196,"Fribourg",7520,22603,1359,4010,55
2197,"Givisiez",332,1675,62,222,0
2198,"Granges-Paccot",304,1552,46,138,2
2200,"Grolley",91,1326,17,39,0
2206,"Marly",1243,5262,151,518,10
2208,"Matran",95,1103,18,45,0
2211,"Neyruz (FR)",113,1498,12,40,3
2216,"Pierrafortscha",38,96,2,0,0
2217,"Ponthaux",43,435,3,7,0
2220,"Le Mouret",238,2367,18,58,0
2226,"Treyvaux",41,1165,6,35,1
2228,"Villars-sur-Glâne",1022,7211,185,918,3
2230,"Villarsel-sur-Marly",5,66,3,0,0
2233,"Hauterive (FR)",161,1424,17,44,0
2234,"La Brillaz",54,1199,3,28,1
2235,"La Sonnaz",74,724,5,14,0
2236,"Gibloux",244,4860,30,174,4
2237,"Prez",82,1418,9,31,0
2238,"Bois-d'Amont",142,1607,7,42,1
2250,"Courgevaux",510,272,29,92,0
2254,"Courtepin",1049,2478,41,427,3
2257,"Cressier (FR)",292,394,5,38,0
2258,"Fräschels",457,4,2,18,0
2261,"Greng",138,8,1,3,0
2262,"Gurmels",3070,155,22,63,1
2265,"Kerzers",3387,95,40,367,3
2266,"Kleinbösingen",480,15,6,5,0
2271,"Meyriez",444,74,8,21,0
2272,"Misery-Courtion",114,1064,6,48,0
2274,"Muntelier",623,57,3,36,0
2275,"Murten",6402,794,120,537,6
2276,"Ried bei Kerzers",758,23,6,44,0
2278,"Ulmiz",347,9,0,3,0
2284,"Mont-Vully",888,1586,27,208,2
2292,"Brünisried",552,6,0,3,0
2293,"Düdingen",6021,300,24,367,0
2294,"Giffers",1281,95,1,16,0
2295,"Bösingen",2887,44,54,130,2
2296,"Heitenried",1070,7,1,23,0
2299,"Plaffeien",3187,79,10,126,1
2300,"Plasselb",913,22,2,43,0
2301,"Rechthalten",978,39,1,7,0
2303,"St. Silvester",905,41,1,8,0
2304,"St. Ursen",1045,103,2,12,0
2305,"Schmitten (FR)",3017,71,26,163,3
2306,"Tafers",5969,190,19,252,2
2307,"Tentlingen",998,112,2,35,0
2308,"Ueberstorf",2054,19,5,34,3
2309,"Wünnewil-Flamatt",4398,89,52,374,3
2321,"Attalens",78,2076,19,77,2
2323,"Bossonnens",41,932,10,58,0
2325,"Châtel-Saint-Denis",118,3909,34,328,0
2328,"Granges (Veveyse)",23,582,1,23,0
2333,"Remaufens",8,705,3,28,0
2335,"Saint-Martin (FR)",19,776,3,31,0
2336,"Semsales",29,956,7,27,0
2337,"Le Flon",20,809,2,17,1
2338,"La Verrerie",9,821,7,25,0
2401,"Egerkingen",2522,14,42,304,2
2402,"Härkingen",1105,7,22,62,0
2403,"Kestenholz",1550,11,18,37,1
2404,"Neuendorf",1733,8,11,44,0
2405,"Niederbuchsiten",904,1,6,36,0
2406,"Oberbuchsiten",1564,15,41,220,1
2407,"Oensingen",3859,23,90,542,3
2408,"Wolfwil",1876,3,18,42,0
2421,"Aedermannsdorf",529,1,0,12,1
2422,"Balsthal",4728,40,153,651,2
2424,"Herbetswil",546,3,0,19,0
2425,"Holderbank (SO)",561,3,0,25,0
2426,"Laupersdorf",1543,7,13,85,3
2427,"Matzendorf",1255,3,3,44,0
2428,"Mümliswil-Ramiswil",2387,7,22,136,1
2430,"Welschenrohr-Gänsbrunnen",1185,14,4,51,1
2445,"Biezwil",284,4,1,0,0
2455,"Lüterkofen-Ichertswil",626,5,1,9,0
2457,"Messen",1327,11,1,18,0
2461,"Schnottwil",905,12,1,26,2
2463,"Unterramsern",173,1,0,1,0
2464,"Lüsslingen-Nennigkofen",885,8,5,26,1
2465,"Buchegg",366,3,1,1,0
2471,"Bättwil",877,21,23,55,0
2472,"Büren (SO)",836,3,12,18,1
2473,"Dornach",5212,91,137,440,6
2474,"Gempen",702,10,5,30,0
2475,"Hochwald",1097,6,6,15,0
2476,"Hofstetten-Flüh",2501,38,18,160,0
2477,"Metzerlen-Mariastein",789,5,0,23,0
2478,"Nuglar-St. Pantaleon",1265,7,9,33,0
2479,"Rodersdorf",1229,16,0,33,1
2480,"Seewen",911,7,8,31,1
2481,"Witterswil",1182,30,27,51,0
2491,"Hauenstein-Ifenthal",261,0,0,1,3
2492,"Kienberg",508,4,2,8,0
2493,"Lostorf",3289,12,42,131,3
2495,"Niedergösgen",3217,21,175,361,1
2497,"Obergösgen",1673,13,52,202,1
2499,"Stüsslingen",1020,5,6,20,5
2500,"Trimbach",4947,35,430,756,5
2501,"Winznau",1594,10,25,70,1
2502,"Wisen (SO)",411,0,1,5,3
2503,"Erlinsbach (SO)",2620,30,65,165,2
2511,"Aeschi (SO)",1117,2,5,34,0
2513,"Biberist",6644,63,277,616,3
2514,"Bolken",465,9,3,12,0
2516,"Deitingen",1893,9,23,86,0
2517,"Derendingen",4942,38,346,483,1
2518,"Etziken",755,6,5,17,0
2519,"Gerlafingen",3619,28,328,716,3
2520,"Halten",766,10,3,12,0
2523,"Horriwil",785,5,4,8,0
2524,"Hüniken",66,0,0,1,0
2525,"Kriegstetten",1077,9,11,29,0
2526,"Lohn-Ammannsegg",2223,19,42,54,1
2527,"Luterbach",2818,12,89,191,2
2528,"Obergerlafingen",1017,8,13,9,0
2529,"Oekingen",641,4,1,12,0
2530,"Recherswil",1518,3,34,30,1
2532,"Subingen",2396,13,47,167,2
2534,"Zuchwil",6842,73,545,1454,8
2535,"Drei Höfe",683,1,2,10,0
2541,"Balm bei Günsberg",188,1,0,7,0
2542,"Bellach",4191,46,210,577,3
2543,"Bettlach",4168,80,153,317,3
2544,"Feldbrunnen-St. Niklaus",728,6,8,14,0
2545,"Flumenthal",956,2,10,37,1
2546,"Grenchen",13033,460,1022,1407,16
2547,"Günsberg",1121,14,14,36,2
2548,"Hubersdorf",651,4,1,8,0
2549,"Kammersrohr",37,0,0,2,0
2550,"Langendorf",3136,31,96,133,4
2551,"Lommiswil",1338,13,12,36,0
2553,"Oberdorf (SO)",1527,20,13,50,2
2554,"Riedholz",1761,8,15,57,2
2555,"Rüttenen",1352,13,2,42,1
2556,"Selzach",2600,37,33,140,0
2571,"Boningen",609,1,4,22,0
2572,"Däniken",2330,8,49,214,1
2573,"Dulliken",3653,28,423,508,3
2574,"Eppenberg-Wöschnau",268,2,14,46,1
2575,"Fulenbach",1362,7,10,68,3
2576,"Gretzenbach",2203,10,72,107,1
2578,"Gunzgen",1366,4,14,42,2
2579,"Hägendorf",3801,25,96,254,2
2580,"Kappel (SO)",2324,29,28,104,1
2581,"Olten",13855,167,844,1869,22
2582,"Rickenbach (SO)",843,5,6,29,2
2583,"Schönenwerd",3704,50,439,561,7
2584,"Starrkirch-Wil",1170,6,27,50,0
2585,"Walterswil (SO)",621,2,0,9,0
2586,"Wangen bei Olten",4078,33,104,361,3
2601,"Solothurn",13270,193,469,1538,19
2611,"Bärschwil",831,9,6,25,1
2612,"Beinwil (SO)",303,3,0,5,0
2613,"Breitenbach",2694,24,138,398,6
2614,"Büsserach",1720,18,27,99,1
2615,"Erschwil",894,12,0,25,0
2616,"Fehren",491,9,1,8,0
2617,"Grindel",484,4,1,5,0
2618,"Himmelried",898,11,4,33,0
2619,"Kleinlützel",1154,12,22,53,2
2620,"Meltingen",587,5,4,4,3
2621,"Nunningen",1750,8,9,75,1
2622,"Zullwil",570,4,0,30,2
2701,"Basel",129592,4280,9049,23435,202
2702,"Bettingen",1091,13,5,42,0
2703,"Riehen",18509,365,355,1112,29
2761,"Aesch (BL)",8258,139,540,789,9
2762,"Allschwil",15689,433,580,1413,16
2763,"Arlesheim",7428,167,283,734,16
2764,"Biel-Benken",2485,55,14,123,2
2765,"Binningen",11709,378,517,1351,22
2766,"Birsfelden",8591,217,617,995,9
2767,"Bottmingen",4699,143,132,530,4
2768,"Ettingen",4324,60,111,267,2
2769,"Münchenstein",10203,193,435,863,8
2770,"Muttenz",14642,254,648,1092,18
2771,"Oberwil (BL)",8184,191,157,824,7
2772,"Pfeffingen",1921,22,12,70,2
2773,"Reinach (BL)",16239,307,556,1210,11
2774,"Schönenbuch",1178,22,6,39,0
2775,"Therwil",7640,123,164,501,6
2781,"Blauen",641,10,0,9,0
2782,"Brislach",1327,7,16,42,0
2783,"Burg im Leimental",217,2,2,8,0
2784,"Dittingen",634,7,3,41,1
2785,"Duggingen",1085,24,9,43,1
2786,"Grellingen",1304,22,60,206,3
2787,"Laufen",4020,72,333,428,4
2788,"Liesberg",1069,17,17,46,0
2789,"Nenzlingen",341,2,7,2,0
2790,"Roggenburg",221,7,1,6,0
2791,"Röschenz",1526,17,14,51,0
2792,"Wahlen",1197,9,8,26,0
2793,"Zwingen",1781,39,43,153,1
2821,"Arisdorf",1264,15,11,70,0
2822,"Augst",804,17,28,100,1
2823,"Bubendorf",3925,30,77,228,2
2824,"Frenkendorf",4817,40,308,536,2
2825,"Füllinsdorf",3562,56,143,400,3
2826,"Giebenach",738,10,18,32,0
2827,"Hersberg",255,1,0,5,0
2828,"Lausen",3953,43,272,373,4
2829,"Liestal",10759,122,660,1377,12
2830,"Lupsingen",1173,11,5,48,0
2831,"Pratteln",11408,184,1071,2224,17
2832,"Ramlinsburg",601,9,3,28,0
2833,"Seltisberg",1166,20,3,27,1
2834,"Ziefen",1269,15,8,57,0
2841,"Anwil",477,2,4,12,0
2842,"Böckten",605,8,12,43,1
2843,"Buckten",592,3,12,37,0
2844,"Buus",876,1,3,29,0
2845,"Diepflingen",449,0,4,53,0
2846,"Gelterkinden",4805,47,173,447,4
2847,"Häfelfingen",245,1,2,20,0
2848,"Hemmiken",279,0,1,10,0
2849,"Itingen",1441,14,60,101,2
2850,"Känerkinden",443,8,16,16,1
2851,"Kilchberg (BL)",104,4,0,1,0
2852,"Läufelfingen",1167,6,20,58,0
2853,"Maisprach",840,6,5,34,0
2854,"Nusshof",197,1,0,2,1
2855,"Oltingen",388,1,0,16,0
2856,"Ormalingen",1747,10,42,81,1
2857,"Rickenbach (BL)",486,4,0,31,0
2858,"Rothenfluh",657,8,6,21,0
2859,"Rümlingen",259,1,11,50,0
2860,"Rünenberg",690,4,3,7,1
2861,"Sissach",4723,34,180,383,5
2862,"Tecknau",726,3,13,107,1
2863,"Tenniken",875,4,4,17,0
2864,"Thürnen",1041,15,56,55,0
2865,"Wenslingen",643,3,0,9,0
2866,"Wintersingen",564,5,2,17,0
2867,"Wittinsburg",326,1,0,8,0
2868,"Zeglingen",424,1,5,16,0
2869,"Zunzgen",2194,15,96,127,1
2881,"Arboldswil",454,5,0,34,0
2882,"Bennwil",580,3,0,20,0
2883,"Bretzwil",669,4,4,35,0
2884,"Diegten",1338,9,9,34,0
2885,"Eptingen",551,1,1,13,0
2886,"Hölstein",1889,14,45,123,0
2887,"Lampenberg",427,4,2,8,0
2888,"Langenbruck",843,8,15,62,1
2889,"Lauwil",305,0,1,1,0
2890,"Liedertswil",148,1,0,2,0
2891,"Niederdorf",1640,11,105,174,3
2892,"Oberdorf (BL)",2058,14,99,143,5
2893,"Reigoldswil",1419,20,20,59,2
2894,"Titterten",377,1,0,2,0
2895,"Waldenburg",1067,5,56,199,1
2901,"Gächlingen",838,4,6,23,1
2903,"Löhningen",1078,7,5,37,0
2904,"Neunkirch",1635,7,37,42,1
2914,"Büttenhardt",328,0,3,11,0
2915,"Dörflingen",758,0,11,15,1
2917,"Lohn (SH)",615,4,2,12,1
2919,"Stetten (SH)",816,2,8,42,0
2920,"Thayngen",4382,20,132,265,6
2931,"Bargen (SH)",238,0,4,6,0
2932,"Beringen",3085,17,56,124,3
2933,"Buchberg",741,6,4,25,1
2936,"Merishausen",625,1,4,14,0
2937,"Neuhausen am Rheinfall",8087,44,426,1386,16
2938,"Rüdlingen",595,4,2,14,1
2939,"Schaffhausen",28840,209,1073,3979,40
2951,"Beggingen",486,1,2,11,0
2952,"Schleitheim",1670,5,20,84,0
2953,"Siblingen",689,0,2,16,0
2961,"Buch (SH)",255,1,0,85,0
2962,"Hemishofen",369,3,1,4,0
2963,"Ramsen",1227,5,4,47,0
2964,"Stein am Rhein",2664,18,39,258,6
2971,"Hallau",1846,9,34,119,0
2972,"Oberhallau",386,0,0,10,1
2973,"Trasadingen",513,0,4,13,0
2974,"Wilchingen",1557,3,18,80,2
3001,"Herisau",13816,49,537,1463,17
3002,"Hundwil",1009,2,2,25,0
3003,"Schönengrund",449,0,0,10,0
3004,"Schwellbrunn",1424,4,2,38,0
3005,"Stein (AR)",1318,4,1,30,2
3006,"Urnäsch",2173,3,24,134,2
3007,"Waldstatt",1555,4,19,131,1
3021,"Bühler",1346,9,58,181,4
3022,"Gais",2596,9,24,139,2
3023,"Speicher",3603,12,33,193,12
3024,"Teufen (AR)",5168,39,71,249,8
3025,"Trogen",1735,6,16,107,3
3031,"Grub (AR)",980,3,5,46,4
3032,"Heiden",3604,9,46,398,6
3033,"Lutzenberg",1213,2,8,99,1
3034,"Rehetobel",1691,6,5,40,0
3035,"Reute (AR)",697,3,1,14,1
3036,"Wald (AR)",825,7,7,40,2
3037,"Walzenhausen",2013,11,30,123,4
3038,"Wolfhalden",1595,5,16,67,6
3101,"Appenzell",4723,14,98,609,3
3102,"Gonten",1353,1,3,22,0
3104,"Schlatt-Haslen",1115,5,0,26,0
3111,"Oberegg",1738,3,8,45,2
3112,"Schwende-Rüte",4657,8,25,154,6
3201,"Häggenschwil",1108,1,3,29,2
3202,"Muolen",1050,2,5,16,1
3203,"St. Gallen",60297,575,2722,8885,147
3204,"Wittenbach",7448,31,170,829,8
3211,"Berg (SG)",798,2,4,39,3
3212,"Eggersriet",1992,13,9,63,2
3213,"Goldach",7552,19,337,521,12
3214,"Mörschwil",3013,14,12,74,3
3215,"Rorschach",6572,38,462,1562,13
3216,"Rorschacherberg",5708,19,186,565,5
3217,"Steinach",2606,11,63,213,6
3218,"Tübach",1014,5,12,26,0
3219,"Untereggen",877,1,9,9,1
3231,"Au (SG)",5577,21,190,614,7
3232,"Balgach",3584,15,65,356,4
3233,"Berneck",3068,5,61,154,1
3234,"Diepoldsau",4586,12,106,328,2
3235,"Rheineck",2655,7,196,366,7
3236,"St. Margrethen",4289,12,175,797,12
3237,"Thal",5475,23,110,379,9
3238,"Widnau",6574,22,117,749,8
3251,"Altstätten",9243,17,172,927,22
3252,"Eichberg",1203,2,5,55,1
3253,"Marbach (SG)",1633,6,17,119,4
3254,"Oberriet (SG)",7019,8,41,381,5
3255,"Rebstein",3466,7,70,507,5
3256,"Rüthi (SG)",1772,12,11,170,2
3271,"Buchs (SG)",8826,62,282,1190,39
3272,"Gams",2695,13,22,132,5
3273,"Grabs",5854,17,58,355,13
3274,"Sennwald",4067,9,51,346,11
3275,"Sevelen",3661,16,100,453,23
3276,"Wartau",4161,9,135,388,11
3291,"Bad Ragaz",4184,30,141,529,45
3292,"Flums",4242,9,75,552,4
3293,"Mels",7114,10,169,512,32
3294,"Pfäfers",1636,3,5,102,8
3295,"Quarten",2411,12,18,297,11
3296,"Sargans",4146,18,102,477,22
3297,"Vilters-Wangs",3658,8,31,172,22
3298,"Walenstadt",4010,22,110,377,13
3311,"Amden",1482,9,8,94,0
3312,"Benken (SG)",2077,2,19,125,5
3313,"Kaltbrunn",3206,11,98,371,8
3315,"Schänis",3323,9,31,202,8
3316,"Weesen",1315,6,17,83,1
3338,"Schmerikon",2654,11,150,366,1
3339,"Uznach",4486,14,176,671,22
3340,"Rapperswil-Jona",21176,168,756,2202,66
3341,"Gommiswald",4380,17,42,185,6
3342,"Eschenbach (SG)",7164,30,123,517,13
3352,"Ebnat-Kappel",4502,12,92,392,9
3359,"Wildhaus-Alt St. Johann",2508,8,5,189,3
3360,"Nesslau",3869,9,27,153,5
3374,"Lichtensteig",1697,5,52,138,1
3379,"Wattwil",7456,28,239,816,4
3392,"Kirchberg (SG)",6829,15,134,919,7
3393,"Lütisburg",1309,0,7,75,4
3394,"Mosnang",2847,4,4,36,3
3395,"Bütschwil-Ganterschwil",4200,8,66,381,6
3396,"Neckertal",6501,18,47,263,5
3401,"Degersheim",3551,8,91,296,6
3402,"Flawil",7872,27,313,1098,10
3405,"Jonschwil",2974,6,24,129,1
3407,"Oberuzwil",5048,19,65,381,8
3408,"Uzwil",10321,45,310,1280,21
3422,"Niederbüren",1344,1,2,66,1
3423,"Niederhelfenschwil",2522,2,8,66,1
3424,"Oberbüren",3650,13,12,269,2
3426,"Zuzwil (SG)",3556,4,33,205,0
3427,"Wil (SG)",17758,71,636,2193,31
3441,"Andwil (SG)",1473,5,9,69,1
3442,"Gaiserwald",7003,28,61,393,10
3443,"Gossau (SG)",14855,48,349,1529,24
3444,"Waldkirch",2914,14,5,106,1
3506,"Vaz/Obervaz",2209,18,49,172,243
3513,"Lantsch/Lenz",263,5,8,31,178
3514,"Schmitten (GR)",229,0,2,9,3
3542,"Albula/Alvra",881,2,28,46,411
3543,"Surses",863,7,129,108,1253
3544,"Bergün Filisur",830,3,47,37,69
3551,"Brusio",64,3,1111,16,8
3561,"Poschiavo",255,22,2917,17,14
3572,"Falera",145,2,10,7,340
3575,"Laax",579,3,25,82,461
3581,"Sagogn",247,0,1,8,341
3582,"Schluein",170,2,4,106,320
3603,"Vals",866,2,7,21,25
3618,"Lumnezia",285,7,9,40,1968
3619,"Ilanz/Glion",2220,15,81,298,2201
3633,"Fürstenau",287,0,6,8,10
3637,"Rothenbrunnen",351,0,7,32,32
3638,"Scharans",782,3,7,8,17
3640,"Sils im Domleschg",764,4,25,73,14
3661,"Cazis",1831,2,50,133,80
3662,"Flerden",153,0,1,0,6
3663,"Masein",339,2,1,12,12
3668,"Thusis",2191,7,129,362,108
3669,"Tschappina",148,0,0,1,2
3670,"Urmein",80,0,0,1,0
3672,"Safiental",909,0,6,11,10
3673,"Domleschg",1652,6,12,29,106
3681,"Avers",150,1,2,4,3
3695,"Sufers",105,0,1,5,4
3701,"Andeer",657,3,17,52,84
3711,"Rongellen",47,0,0,1,5
3712,"Zillis-Reischen",263,3,7,15,42
3713,"Ferrera",90,1,1,1,3
3714,"Rheinwald",571,4,27,32,9
3715,"Muntogna da Schons",153,0,3,8,191
3721,"Bonaduz",2140,12,52,98,131
3722,"Domat/Ems",4670,21,471,506,704
3723,"Rhäzüns",953,6,40,81,121
3731,"Felsberg",1859,7,20,83,60
3732,"Flims",2038,24,60,256,171
3733,"Tamins",1032,7,33,54,41
3734,"Trin",806,3,33,47,219
3746,"Zernez",399,3,49,33,848
3752,"Samnaun",695,2,6,34,6
3762,"Scuol",1551,30,124,221,2450
3764,"Valsot",161,0,5,16,650
3781,"Bever",420,5,74,13,119
3782,"Celerina/Schlarigna",789,9,261,121,173
3783,"Madulain",97,1,31,11,40
3784,"Pontresina",1264,79,353,321,174
3785,"La Punt Chamues-ch",436,5,51,32,136
3786,"Samedan",1886,18,458,196,511
3787,"St. Moritz",3286,122,1220,697,264
3788,"S-chanf",231,2,35,31,321
3789,"Sils im Engadin/Segl",446,9,116,90,90
3790,"Silvaplana",602,5,145,64,97
3791,"Zuoz",720,17,133,134,349
3792,"Bregaglia",297,3,1127,38,38
3804,"Buseno",9,1,97,3,0
3805,"Castaneda",37,4,176,4,0
3808,"Rossa",15,4,111,2,0
3810,"Santa Maria in Calanca",11,3,96,1,0
3821,"Lostallo",88,4,534,27,3
3822,"Mesocco",75,5,1070,49,2
3823,"Soazza",12,0,330,17,0
3831,"Cama",24,4,418,28,0
3832,"Grono",94,6,1027,80,0
3834,"Roveredo (GR)",68,15,1960,61,4
3835,"San Vittore",50,7,583,16,1
3837,"Calanca",45,5,176,9,0
3847,"Val Müstair",371,5,10,29,1190
3851,"Davos",10141,75,313,1007,182
3861,"Fideris",565,1,3,13,4
3862,"Furna",203,0,0,1,0
3863,"Jenaz",1077,2,5,37,9
3871,"Klosters",4163,35,61,329,35
3881,"Conters im Prättigau",189,0,1,2,2
3882,"Küblis",776,1,11,39,3
3891,"Luzein",1425,1,3,25,5
3901,"Chur",27948,142,1720,2701,1792
3911,"Churwalden",1840,5,15,247,55
3921,"Arosa",3303,26,117,423,40
3932,"Tschiertschen-Praden",314,1,2,7,2
3945,"Trimmis",2685,9,39,84,60
3946,"Untervaz",1927,2,42,76,46
3947,"Zizers",2645,10,95,176,57
3951,"Fläsch",519,0,1,11,4
3952,"Jenins",700,5,2,30,9
3953,"Maienfeld",2180,4,26,124,34
3954,"Malans",1810,5,18,51,24
3955,"Landquart",6506,26,211,816,198
3961,"Grüsch",1648,3,6,59,11
3962,"Schiers",2362,6,42,196,31
3972,"Seewis im Prättigau",1235,1,7,72,8
3981,"Breil/Brigels",324,4,20,56,1398
3982,"Disentis/Mustér",443,4,23,67,1635
3983,"Medel (Lucmagn)",27,0,2,5,436
3985,"Sumvitg",131,6,14,7,1155
3986,"Tujetsch",301,2,40,173,1009
3987,"Trun",210,2,50,32,1120
3988,"Obersaxen Mundaun",852,3,2,43,188
4001,"Aarau",15404,186,596,1920,16
4002,"Biberstein",1043,6,7,42,3
4003,"Buchs (AG)",4961,39,371,802,2
4004,"Densbüren",708,1,1,11,0
4005,"Erlinsbach (AG)",2967,24,57,235,3
4006,"Gränichen",5516,21,248,321,9
4007,"Hirschthal",1106,4,20,47,0
4008,"Küttigen",4494,38,127,364,2
4009,"Muhen",2883,22,95,79,4
4010,"Oberentfelden",5796,50,256,635,3
4012,"Suhr",7116,79,366,878,12
4013,"Unterentfelden",2819,34,127,210,5
4021,"Baden",13631,238,530,1853,18
4022,"Bellikon",1229,8,11,52,3
4023,"Bergdietikon",2108,30,29,85,4
4024,"Birmenstorf (AG)",2089,14,20,190,0
4026,"Ennetbaden",2530,73,66,344,6
4027,"Fislisbach",4329,41,137,464,3
4028,"Freienwil",709,13,5,26,0
4029,"Gebenstorf",3482,43,201,455,1
4030,"Killwangen",1214,8,37,111,7
4031,"Künten",1384,7,10,80,5
4032,"Mägenwil",1376,10,23,139,3
4033,"Mellingen",3517,32,208,478,4
4034,"Neuenhof",5619,72,663,1247,12
4035,"Niederrohrdorf",2176,22,60,179,6
4037,"Oberrohrdorf",3062,33,41,224,4
4038,"Obersiggenthal",6105,93,196,1160,7
4039,"Remetschwil",1650,11,24,70,4
4040,"Spreitenbach",6584,101,642,1787,13
4041,"Stetten (AG)",1394,13,29,111,0
4044,"Untersiggenthal",5081,78,220,737,12
4045,"Wettingen",15039,178,911,1716,26
4046,"Wohlenschwil",1171,10,12,68,2
4047,"Würenlingen",3228,28,74,314,3
4048,"Würenlos",4428,57,73,228,7
4049,"Ehrendingen",3041,31,48,169,10
4061,"Arni (AG)",1234,17,12,39,0
4062,"Berikon",4037,42,69,197,13
4063,"Bremgarten (AG)",5647,42,115,617,4
4064,"Büttikon",629,3,2,20,2
4065,"Dottikon",2319,9,276,359,6
4066,"Eggenwil",634,7,2,26,0
4067,"Fischbach-Göslikon",1209,5,12,25,3
4068,"Hägglingen",1838,5,30,114,3
4071,"Jonen",1489,11,13,53,3
4072,"Niederwil (AG)",2291,15,48,111,6
4073,"Oberlunkhofen",1350,10,5,74,4
4074,"Oberwil-Lieli",1645,16,19,46,3
4075,"Rudolfstetten-Friedlisberg",3267,34,148,281,8
4076,"Sarmenstorf",2013,6,48,77,2
4077,"Tägerig",1105,4,7,75,2
4078,"Uezwil",352,2,1,6,0
4079,"Unterlunkhofen",1161,2,12,48,4
4080,"Villmergen",4586,39,292,372,14
4081,"Widen",3373,38,52,160,13
4082,"Wohlen (AG)",10635,72,1081,1529,12
4083,"Zufikon",3144,22,75,239,8
4084,"Islisberg",381,1,0,23,0
4091,"Auenstein",1269,4,6,79,1
4092,"Birr",2512,46,254,716,1
4093,"Birrhard",647,6,9,19,0
4095,"Brugg",9619,128,309,1333,11
4099,"Habsburg",356,4,5,3,0
4100,"Hausen (AG)",2228,20,102,250,3
4104,"Lupfig",2175,23,66,124,6
4105,"Mandach",308,0,1,4,0
4106,"Mönthal",379,5,3,11,0
4107,"Mülligen",740,10,8,21,1
4110,"Remigen",981,19,8,44,0
4111,"Riniken",1212,16,20,121,0
4112,"Rüfenach",690,4,2,30,1
4117,"Thalheim (AG)",733,1,3,6,1
4120,"Veltheim (AG)",1227,2,32,86,1
4121,"Villigen",1587,21,43,134,2
4122,"Villnachern",1123,14,14,68,2
4123,"Windisch",5359,31,326,926,8
4124,"Bözberg",1441,11,12,50,2
4125,"Schinznach",1993,9,13,85,5
4131,"Beinwil am See",2450,10,19,101,1
4132,"Birrwil",899,8,8,45,0
4134,"Dürrenäsch",1011,4,3,97,0
4135,"Gontenschwil",1906,9,22,118,0
4136,"Holziken",1068,16,26,74,0
4137,"Leimbach (AG)",397,0,7,5,0
4138,"Leutwil",640,2,2,18,0
4139,"Menziken",5293,25,216,959,9
4140,"Oberkulm",2013,11,31,195,2
4141,"Reinach (AG)",5993,29,288,942,6
4142,"Schlossrued",869,2,1,29,2
4143,"Schmiedrued",1150,7,3,59,0
4144,"Schöftland",2927,15,121,206,2
4145,"Teufenthal (AG)",1370,6,42,180,0
4146,"Unterkulm",2266,12,49,362,1
4147,"Zetzwil",1193,3,11,35,3
4161,"Eiken",1605,5,24,116,0
4163,"Frick",3427,20,147,430,4
4164,"Gansingen",896,5,1,25,0
4165,"Gipf-Oberfrick",2637,19,26,126,0
4169,"Kaisten",2128,14,30,101,3
4170,"Laufenburg",2670,30,219,296,3
4172,"Münchwilen (AG)",570,1,6,9,1
4173,"Oberhof",487,3,1,5,0
4175,"Oeschgen",745,1,18,34,0
4176,"Schwaderloch",607,5,7,36,0
4177,"Sisseln",1157,11,30,61,0
4181,"Wittnau",1050,4,13,64,0
4182,"Wölflinswil",754,1,3,26,0
4183,"Zeihen",799,4,6,54,0
4184,"Mettauertal",1795,7,10,55,2
4185,"Böztal",2169,14,27,134,1
4186,"Herznach-Ueken",1669,9,7,60,1
4191,"Ammerswil",588,3,10,7,1
4192,"Boniswil",1211,11,23,70,1
4193,"Brunegg",439,5,11,11,0
4194,"Dintikon",1216,5,36,48,2
4195,"Egliswil",1163,8,3,35,1
4196,"Fahrwangen",1474,5,49,124,1
4197,"Hallwil",645,0,23,53,0
4198,"Hendschiken",852,1,10,31,2
4199,"Holderbank (AG)",673,2,40,89,0
4200,"Hunzenschwil",2221,11,143,198,2
4201,"Lenzburg",5903,65,658,926,16
4202,"Meisterschwanden",1867,7,78,102,1
4203,"Möriken-Wildegg",3091,19,96,206,1
4204,"Niederlenz",3185,27,185,443,6
4205,"Othmarsingen",1846,14,46,210,1
4206,"Rupperswil",3326,19,141,281,3
4207,"Schafisheim",2285,16,67,147,3
4208,"Seengen",2373,24,22,105,2
4209,"Seon",4103,30,146,527,9
4210,"Staufen",1978,8,109,114,4
4221,"Abtwil",654,2,4,14,0
4222,"Aristau",1133,11,7,40,6
4223,"Auw",1165,11,4,58,1
4224,"Beinwil (Freiamt)",927,0,2,12,1
4226,"Besenbüren",482,0,0,14,0
4227,"Bettwil",562,3,0,10,1
4228,"Boswil",2129,2,50,125,2
4229,"Bünzen",808,7,13,37,0
4230,"Buttwil",1056,8,7,33,1
4231,"Dietwil",989,7,5,18,4
4232,"Geltwil",129,4,1,3,0
4233,"Kallern",252,1,2,8,1
4234,"Merenschwand",2459,12,18,197,3
4235,"Mühlau",912,2,6,60,0
4236,"Muri (AG)",5656,19,175,691,4
4237,"Oberrüti",1066,1,4,22,4
4238,"Rottenschwil",760,8,8,30,0
4239,"Sins",3042,13,21,197,9
4240,"Waltenschwil",1941,9,18,60,1
4251,"Hellikon",714,1,0,30,2
4252,"Kaiseraugst",3454,69,88,305,1
4253,"Magden",2826,47,27,142,1
4254,"Möhlin",7283,67,294,640,13
4255,"Mumpf",946,4,22,109,3
4256,"Obermumpf",911,13,1,55,0
4257,"Olsberg",361,6,2,6,0
4258,"Rheinfelden",8848,141,402,1273,9
4259,"Schupfart",657,1,4,19,0
4260,"Stein (AG)",2090,11,86,227,0
4261,"Wallbach",1437,17,18,54,0
4262,"Wegenstetten",952,3,0,39,0
4263,"Zeiningen",1694,6,19,75,3
4264,"Zuzgen",713,2,3,11,0
4271,"Aarburg",4880,43,374,964,2
4273,"Bottenwil",785,2,4,7,1
4274,"Brittnau",3268,15,41,74,2
4275,"Kirchleerau",682,2,2,14,1
4276,"Kölliken",3586,22,105,193,4
4277,"Moosleerau",734,1,17,45,1
4279,"Murgenthal",2487,6,60,188,0
4280,"Oftringen",8390,75,555,1272,13
4281,"Reitnau",1370,4,6,66,0
4282,"Rothrist",6004,25,214,619,7
4283,"Safenwil",2882,17,51,174,4
4284,"Staffelbach",945,3,9,21,0
4285,"Strengelbach",3644,16,204,400,2
4286,"Uerkheim",1210,12,7,39,0
4287,"Vordemwald",1719,4,25,39,2
4288,"Wiliberg",151,0,0,0,0
4289,"Zofingen",8382,78,320,642,10
4303,"Böttstein",2928,20,228,470,2
4304,"Döttingen",2469,18,254,499,1
4305,"Endingen",1992,23,18,103,1
4306,"Fisibach",331,6,7,16,1
4307,"Full-Reuenthal",769,3,9,24,1
4309,"Klingnau",2416,16,97,175,6
4310,"Koblenz",1328,6,42,234,1
4311,"Leibstadt",1099,2,25,171,1
4312,"Lengnau (AG)",2129,9,27,118,4
4313,"Leuggern",2052,18,40,81,1
4314,"Mellikon",239,1,1,16,0
4318,"Schneisingen",1176,8,5,43,0
4319,"Siglistorf",481,1,1,36,0
4320,"Tegerfelden",929,4,3,29,0
4324,"Zurzach",5915,35,187,755,7
4401,"Arbon",10903,61,516,1394,32
4406,"Dozwil",470,0,3,19,0
4411,"Egnach",3863,22,67,197,4
4416,"Hefenhofen",1070,5,10,20,3
4421,"Horn",2182,10,65,160,4
4426,"Kesswil",795,3,16,34,2
4431,"Roggwil (TG)",2357,10,25,69,1
4436,"Romanshorn",7599,39,259,1173,6
4441,"Salmsach",1143,4,20,154,5
4446,"Sommeri",507,1,5,17,1
4451,"Uttwil",1355,7,29,46,2
4461,"Amriswil",9453,29,510,1351,14
4471,"Bischofszell",4631,28,129,627,6
4476,"Erlen",2766,13,72,216,1
4486,"Hauptwil-Gottshaus",1826,5,21,62,0
4495,"Hohentannen",568,0,1,17,0
4501,"Kradolf-Schönenberg",2682,3,57,317,3
4506,"Sulgen",3023,10,57,328,4
4511,"Zihlschlacht-Sitterdorf",1801,9,17,114,1
4536,"Basadingen-Schlattingen",1461,3,11,51,1
4545,"Diessenhofen",2639,15,168,404,1
4546,"Schlatt (TG)",1423,10,10,39,3
4551,"Aadorf",6660,37,183,414,7
4561,"Felben-Wellhausen",1914,10,54,163,4
4566,"Frauenfeld",18295,121,1036,2472,30
4571,"Gachnang",2712,10,79,101,4
4590,"Hüttlingen",797,7,5,30,0
4591,"Matzingen",2062,9,63,190,0
4601,"Neunforn",894,9,2,21,0
4606,"Stettfurt",944,3,4,20,0
4611,"Thundorf",1169,1,2,14,4
4616,"Uesslingen-Buch",1012,0,6,23,0
4621,"Warth-Weiningen",1101,3,1,26,0
4641,"Altnau",1704,10,16,72,2
4643,"Bottighofen",1563,17,26,77,1
4646,"Ermatingen",2241,5,50,127,4
4651,"Gottlieben",283,3,4,14,0
4656,"Güttingen",1232,6,4,64,2
4666,"Kemmental",2124,2,8,54,1
4671,"Kreuzlingen",13645,95,886,2474,18
4681,"Langrickenbach",1000,1,5,18,4
4683,"Lengwil",1179,1,11,35,1
4691,"Münsterlingen",2304,17,27,245,6
4696,"Tägerwilen",2968,13,51,240,1
4701,"Wäldi",880,12,3,74,1
4711,"Affeltrangen",1959,7,53,111,5
4716,"Bettwiesen",873,1,46,92,4
4721,"Bichelsee-Balterswil",2143,6,46,81,1
4723,"Braunau",648,1,0,11,1
4724,"Eschlikon",2906,9,59,157,2
4726,"Fischingen",2506,5,11,80,3
4741,"Lommis",907,2,20,30,3
4746,"Münchwilen (TG)",3953,26,194,376,4
4751,"Rickenbach (TG)",1947,7,139,327,6
4756,"Schönholzerswilen",723,1,0,7,0
4761,"Sirnach",5440,25,298,591,5
4776,"Tobel-Tägerschen",1180,7,18,72,3
4781,"Wängi",3592,14,85,274,4
4786,"Wilen (TG)",1679,4,29,47,1
4791,"Wuppenau",971,0,2,23,5
4801,"Berlingen",807,5,14,28,0
4806,"Eschenz",1418,6,8,80,1
4811,"Herdern",912,6,3,30,4
4816,"Homburg",1402,1,3,25,1
4821,"Hüttwilen",1308,4,8,73,5
4826,"Mammern",464,3,7,59,0
4831,"Müllheim",2142,7,61,180,8
4841,"Pfyn",1677,5,15,106,1
4846,"Raperswilen",417,3,0,6,0
4851,"Salenstein",1050,2,2,51,3
4864,"Steckborn",2902,17,154,246,1
4871,"Wagenhausen",1398,9,9,116,1
4881,"Amlikon-Bissegg",1168,6,1,22,2
4891,"Berg (TG)",2706,10,7,150,3
4901,"Birwinken",1178,4,5,27,2
4911,"Bürglen (TG)",2688,15,65,422,7
4921,"Bussnang",2020,5,4,54,2
4941,"Märstetten",2117,13,17,85,2
4946,"Weinfelden",8197,30,304,912,13
4951,"Wigoltingen",1923,3,36,74,0
5001,"Arbedo-Castione",139,43,3313,234,0
5002,"Bellinzona",1544,408,31777,2326,34
5003,"Cadenazzo",97,28,1516,221,1
5009,"Isone",8,7,315,23,0
5010,"Lumino",50,10,1018,46,3
5017,"Sant'Antonino",116,11,1792,142,5
5048,"Acquarossa",125,20,1567,62,4
5049,"Blenio",70,9,1562,82,3
5050,"Serravalle",106,49,1587,38,3
5061,"Airolo",57,8,1363,164,1
5063,"Bedretto",3,3,66,0,0
5064,"Bodio",13,8,921,116,0
5071,"Dalpe",2,1,153,2,0
5072,"Faido",165,42,2695,303,1
5073,"Giornico",14,2,828,39,2
5076,"Personico",3,2,337,11,0
5077,"Pollegio",16,10,652,45,0
5078,"Prato (Leventina)",8,1,338,50,0
5079,"Quinto",23,4,967,63,0
5091,"Ascona",1189,112,3289,384,10
5096,"Brione sopra Minusio",160,7,295,22,0
5097,"Brissago",456,23,1267,82,5
5108,"Gordola",396,47,3265,166,4
5112,"Lavertezzo",101,11,907,79,0
5113,"Locarno",1528,189,11153,1664,27
5115,"Losone",664,104,4829,307,3
5117,"Mergoscia",44,4,130,3,0
5118,"Minusio",1143,134,4706,439,6
5120,"Muralto",533,55,1830,252,6
5121,"Orselina",318,18,460,64,6
5125,"Ronco sopra Ascona",222,8,405,24,0
5131,"Tenero-Contra",277,32,1824,159,3
5136,"Onsernone",141,44,655,12,0
5138,"Cugnasco-Gerra",317,31,1782,88,0
5141,"Agno",406,79,2934,230,6
5143,"Aranno",43,5,212,6,1
5144,"Arogno",95,20,826,27,1
5146,"Astano",70,9,195,15,1
5148,"Bedano",89,15,1054,36,2
5149,"Bedigliora",55,10,460,14,1
5151,"Bioggio",209,34,1810,74,3
5154,"Bissone",80,12,584,35,0
5160,"Brusino Arsizio",55,12,363,24,0
5161,"Cademario",97,11,446,41,1
5162,"Cadempino",83,25,1150,57,2
5167,"Canobbio",78,24,1617,102,4
5171,"Caslano",545,78,2646,221,5
5176,"Comano",163,34,1355,41,1
5180,"Cureglia",94,26,1070,28,1
5181,"Curio",93,19,396,13,0
5186,"Grancia",23,6,322,15,0
5187,"Gravesano",84,12,898,28,0
5189,"Lamone",68,21,1351,118,6
5192,"Lugano",4146,1169,45085,5270,81
5193,"Magliaso",206,30,1052,70,1
5194,"Manno",74,21,923,26,1
5196,"Massagno",369,127,4334,721,7
5198,"Melide",181,22,1193,105,0
5199,"Mezzovico-Vira",73,18,816,31,0
5200,"Miglieglia",22,9,173,11,0
5203,"Morcote",142,14,529,67,2
5205,"Muzzano",76,17,611,32,0
5206,"Neggio",48,9,267,27,1
5207,"Novaggio",101,18,573,21,3
5208,"Origlio",153,24,943,36,2
5210,"Paradiso",370,99,2463,759,3
5212,"Ponte Capriasca",198,33,1202,44,1
5214,"Porza",136,30,1122,58,2
5216,"Pura",187,35,771,47,0
5221,"Savosa",179,41,1710,129,2
5225,"Sorengo",122,48,1300,86,1
5226,"Capriasca",473,105,4668,135,9
5227,"Torricella-Taverne",184,46,2331,135,8
5230,"Vernate",70,8,267,17,1
5231,"Vezia",96,29,1347,100,3
5233,"Vico Morcote",57,13,166,14,0
5236,"Collina d'Oro",421,90,2933,467,10
5237,"Alto Malcantone",100,25,970,17,2
5238,"Monteceneri",151,55,2908,127,2
5239,"Tresa",445,76,2387,109,5
5240,"Val Mara",203,28,1975,129,2
5242,"Balerna",95,37,3129,154,0
5249,"Castel San Pietro",120,21,1694,45,1
5250,"Chiasso",196,71,7048,401,4
5251,"Coldrerio",114,35,2293,93,3
5254,"Mendrisio",719,176,11626,639,16
5257,"Morbio Inferiore",210,49,3714,128,4
5260,"Novazzano",86,20,2213,47,3
5263,"Riva San Vitale",117,24,2089,61,1
5266,"Stabio",184,44,3204,192,3
5268,"Vacallo",113,42,2564,38,1
5269,"Breggia",155,17,1786,37,1
5281,"Biasca",113,45,5026,604,7
5287,"Riviera",103,29,3035,309,4
5304,"Bosco/Gurin",23,2,37,2,7
5307,"Campo (Vallemaggia)",5,0,52,1,0
5309,"Cerentino",5,1,52,0,0
5310,"Cevio",96,21,1067,86,1
5315,"Linescio",6,0,26,0,0
5317,"Maggia",195,26,1978,81,1
5323,"Lavizzara",20,5,498,8,0
5324,"Avegno Gordevio",127,33,1104,24,3
5396,"Terre di Pedemonte",365,57,1698,67,7
5397,"Centovalli",206,19,905,18,2
5398,"Gambarogno",707,63,3384,190,4
5399,"Verzasca",64,13,624,14,0
5401,"Aigle",235,6362,264,1089,5
5402,"Bex",203,5008,149,611,2
5403,"Chessel",2,285,3,24,0
5404,"Corbeyrier",13,323,4,7,0
5405,"Gryon",40,870,19,64,0
5406,"Lavey-Morcles",42,695,13,30,1
5407,"Leysin",104,1683,43,1167,1
5408,"Noville",32,579,17,19,0
5409,"Ollon",246,4955,96,957,3
5410,"Ormont-Dessous",33,1000,8,34,0
5411,"Ormont-Dessus",47,1170,9,81,0
5412,"Rennaz",21,492,20,32,0
5413,"Roche (VD)",18,835,13,28,0
5414,"Villeneuve (VD)",198,3321,171,490,0
5415,"Yvorne",34,873,19,36,0
5422,"Aubonne",159,2599,94,218,4
5423,"Ballens",19,301,2,20,0
5424,"Berolle",4,197,4,7,0
5425,"Bière",49,1182,17,103,2
5426,"Bougy-Villars",30,315,2,23,0
5427,"Féchy",44,500,1,87,0
5428,"Gimel",39,1285,35,89,1
5429,"Longirod",30,287,5,22,0
5430,"Marchissy",14,310,3,20,1
5431,"Mollens (VD)",11,255,3,3,0
5434,"Saint-George",43,535,4,36,0
5435,"Saint-Livres",19,494,3,22,0
5436,"Saint-Oyens",9,214,1,13,0
5437,"Saubraz",9,179,1,9,0
5451,"Avenches",378,2150,78,287,1
5456,"Cudrefin",186,655,9,26,1
5458,"Faoug",191,317,9,42,0
5464,"Vully-les-Lacs",419,1465,7,73,0
5471,"Bettens",14,311,4,1,0
5472,"Bournens",9,229,3,10,0
5473,"Boussens",23,692,7,20,1
5474,"La Chaux (Cossonay)",14,317,4,17,0
5475,"Chavannes-le-Veyron",5,117,0,3,0
5476,"Chevilly",8,193,2,8,0
5477,"Cossonay",79,2278,46,155,0
5479,"Cuarnens",40,338,3,14,0
5480,"Daillens",16,568,5,9,0
5481,"Dizy",1,155,0,14,0
5482,"Eclépens",27,810,20,47,0
5483,"Ferreyres",12,199,5,6,0
5484,"Gollion",24,510,5,26,0
5485,"Grancy",13,302,2,9,2
5486,"L'Isle",23,807,1,26,1
5487,"Lussery-Villars",9,307,4,7,0
5488,"Mauraz",1,46,1,0,0
5489,"Mex (VD)",30,481,11,25,0
5490,"Moiry",5,191,2,3,1
5491,"Mont-la-Ville",5,317,3,3,0
5492,"Montricher",25,642,6,23,0
5493,"Orny",13,301,1,19,0
5495,"Penthalaz",64,2000,47,172,0
5496,"Penthaz",49,1150,32,56,0
5497,"Pompaples",18,685,4,54,0
5498,"La Sarraz",79,1461,35,153,0
5499,"Senarclens",15,321,2,11,0
5501,"Sullens",61,709,10,33,0
5503,"Vufflens-la-Ville",52,900,17,30,0
5511,"Assens",52,1022,9,36,0
5512,"Bercher",30,809,8,31,0
5514,"Bottens",30,853,7,27,0
5515,"Bretigny-sur-Morrens",19,535,3,6,0
5516,"Cugy (VD)",101,1768,27,95,1
5518,"Echallens",122,3815,78,262,4
5520,"Essertines-sur-Yverdon",27,626,2,8,0
5521,"Etagnières",20,721,19,39,1
5522,"Fey",6,402,1,13,0
5523,"Froideville",77,1326,13,37,0
5527,"Morrens (VD)",55,802,8,23,0
5529,"Oulens-sous-Echallens",16,403,2,6,0
5530,"Pailly",11,351,1,26,0
5531,"Penthéréaz",7,325,2,8,0
5533,"Poliez-Pittet",10,517,3,13,0
5534,"Rueyres",9,183,0,3,0
5535,"Saint-Barthélemy (VD)",22,593,6,8,0
5537,"Villars-le-Terroir",16,600,5,16,0
5539,"Vuarrens",14,533,4,14,0
5540,"Montilliez",34,1039,5,14,1
5541,"Goumoëns",10,702,4,12,0
5551,"Bonvillars",8,330,3,3,0
5552,"Bullet",30,482,4,6,0
5553,"Champagne",12,592,11,38,0
5554,"Concise",40,603,6,35,0
5555,"Corcelles-près-Concise",10,266,0,2,0
5556,"Fiez",10,322,1,12,0
5557,"Fontaines-sur-Grandson",18,113,0,1,0
5559,"Giez",12,331,1,4,0
5560,"Grandevent",5,133,2,4,0
5561,"Grandson",109,2464,45,141,0
5562,"Mauborget",4,79,0,2,0
5563,"Mutrux",0,112,0,1,0
5564,"Novalles",5,92,2,0,0
5565,"Onnens (VD)",18,354,6,19,0
5566,"Provence",11,354,1,2,0
5568,"Sainte-Croix",96,3914,93,228,2
5571,"Tévenon",33,591,4,21,0
5581,"Belmont-sur-Lausanne",139,2058,36,124,1
5582,"Cheseaux-sur-Lausanne",119,2626,38,156,0
5583,"Crissier",252,4996,355,967,7
5584,"Epalinges",410,6386,148,567,5
5585,"Jouxtens-Mézery",65,999,14,67,0
5586,"Lausanne",5365,98424,4976,16087,62
5587,"Le Mont-sur-Lausanne",286,4539,94,261,2
5588,"Paudex",65,1174,45,118,1
5589,"Prilly",364,8774,503,1308,6
5590,"Pully",774,13270,453,1534,3
5591,"Renens (VD)",567,13576,1214,3038,11
5592,"Romanel-sur-Lausanne",128,2737,66,136,1
5601,"Chexbres",109,1766,34,132,0
5604,"Forel (Lavaux)",56,1571,9,68,0
5606,"Lutry",530,6872,153,709,6
5607,"Puidoux",87,1958,37,257,0
5609,"Rivaz",18,265,10,24,0
5610,"Saint-Saphorin (Lavaux)",19,307,2,20,0
5611,"Savigny",232,2667,30,153,2
5613,"Bourg-en-Lavaux",291,4169,76,371,0
5621,"Aclens",22,323,6,12,0
5622,"Bremblens",20,312,4,24,0
5623,"Buchillon",45,495,14,50,0
5624,"Bussigny",272,6308,336,579,3
5627,"Chavannes-près-Renens",277,4454,387,944,1
5628,"Chigny",9,220,3,26,0
5629,"Clarmont",7,124,3,8,0
5631,"Denens",31,515,3,32,0
5632,"Denges",31,936,30,112,0
5633,"Echandens",121,1804,40,119,1
5634,"Echichens",104,2005,18,105,3
5635,"Ecublens (VD)",467,7825,667,1264,4
5636,"Etoy",93,1951,32,212,1
5637,"Lavigny",29,616,4,52,0
5638,"Lonay",111,1609,58,122,0
5639,"Lully (VD)",46,566,6,45,0
5640,"Lussy-sur-Morges",26,507,3,42,0
5642,"Morges",601,11654,566,1331,2
5643,"Préverenges",206,3428,123,315,6
5645,"Romanel-sur-Morges",13,412,5,11,0
5646,"Saint-Prex",212,3472,137,389,0
5648,"Saint-Sulpice (VD)",231,2377,58,248,0
5649,"Tolochenaz",85,1386,39,135,1
5650,"Vaux-sur-Morges",5,139,0,14,0
5651,"Villars-Sainte-Croix",25,530,31,16,0
5652,"Villars-sous-Yens",18,519,2,21,0
5653,"Vufflens-le-Château",42,535,0,54,0
5654,"Vullierens",12,371,0,19,0
5655,"Yens",40,853,4,68,0
5656,"Hautemorges",170,2849,33,131,0
5661,"Boulens",13,190,1,7,0
5663,"Bussy-sur-Moudon",4,174,1,7,0
5665,"Chavannes-sur-Moudon",6,190,0,1,0
5669,"Curtilles",12,261,1,3,0
5671,"Dompierre (VD)",11,230,1,4,0
5673,"Hermenches",6,271,2,5,0
5674,"Lovatens",7,140,0,4,0
5675,"Lucens",68,2405,113,252,5
5678,"Moudon",130,3474,95,670,2
5680,"Ogens",7,219,0,1,0
5683,"Prévonloup",9,104,0,1,0
5684,"Rossenges",3,48,0,0,0
5688,"Syens",10,101,0,6,0
5690,"Villars-le-Comte",1,118,1,2,0
5692,"Vucherens",13,416,1,13,1
5693,"Montanaire",65,1822,8,67,0
5701,"Arnex-sur-Nyon",1,84,0,51,0
5702,"Arzier-Le Muids",144,1421,23,222,1
5703,"Bassins",69,681,10,72,0
5704,"Begnins",95,1086,25,129,0
5705,"Bogis-Bossey",65,560,10,212,0
5706,"Borex",91,646,15,113,0
5707,"Chavannes-de-Bogis",74,755,20,199,0
5708,"Chavannes-des-Bois",42,332,12,64,0
5709,"Chéserex",83,828,10,119,3
5710,"Coinsins",23,288,10,47,0
5711,"Commugny",215,1715,28,644,1
5712,"Coppet",173,1678,45,462,2
5713,"Crans (VD)",143,1474,25,319,2
5714,"Crassier",57,599,14,99,0
5715,"Duillier",87,709,16,89,0
5716,"Eysins",51,682,10,88,0
5717,"Founex",185,1701,73,689,0
5718,"Genolier",188,1076,16,214,0
5719,"Gingins",78,797,10,151,1
5720,"Givrins",82,627,7,107,0
5721,"Gland",628,7677,253,1098,7
5722,"Grens",15,261,1,39,0
5723,"Mies",98,1095,42,263,1
5724,"Nyon",918,12274,565,2416,9
5725,"Prangins",248,2439,65,377,4
5726,"La Rippe",73,776,4,157,0
5727,"Saint-Cergue",79,1379,15,126,2
5728,"Signy-Avenex",23,307,1,59,0
5729,"Tannay",123,867,25,212,0
5730,"Trélex",96,868,16,133,0
5731,"Le Vaud",71,754,7,110,0
5732,"Vich",43,574,13,104,0
5741,"L'Abergement",5,227,1,2,0
5742,"Agiez",2,216,0,6,0
5743,"Arnex-sur-Orbe",11,498,5,16,0
5744,"Ballaigues",19,808,22,22,0
5745,"Baulmes",26,848,20,76,0
5746,"Bavois",31,676,3,17,0
5747,"Bofflens",5,151,0,1,0
5748,"Bretonnières",3,195,1,1,0
5749,"Chavornay",125,2859,42,189,0
5750,"Les Clées",6,145,0,3,0
5752,"Croy",3,252,4,7,1
5754,"Juriens",5,223,0,8,1
5755,"Lignerolle",10,316,3,5,0
5756,"Montcherand",3,385,4,12,0
5757,"Orbe",161,4229,128,617,4
5758,"La Praz",5,111,0,1,0
5759,"Premier",4,196,1,7,0
5760,"Rances",5,405,3,6,0
5761,"Romainmôtier-Envy",23,396,9,7,0
5762,"Sergey",1,106,0,1,0
5763,"Valeyres-sous-Rances",9,472,4,12,0
5764,"Vallorbe",74,2776,114,280,3
5765,"Vaulion",16,405,2,14,0
5766,"Vuiteboeuf",6,367,6,38,0
5785,"Corcelles-le-Jorat",17,379,2,14,0
5790,"Maracon",14,388,1,12,1
5792,"Montpreveyres",9,355,0,9,0
5798,"Ropraz",11,325,4,33,0
5799,"Servion",89,1435,22,61,0
5803,"Vulliens",15,414,2,7,0
5804,"Jorat-Menthue",45,1035,6,43,0
5805,"Oron",144,3783,31,173,1
5806,"Jorat-Mézières",88,1856,19,51,0
5812,"Champtauroz",3,95,0,2,0
5813,"Chevroux",24,347,0,12,0
5816,"Corcelles-près-Payerne",90,1464,18,72,0
5817,"Grandcour",30,680,5,15,0
5819,"Henniez",9,217,2,2,0
5821,"Missy",30,238,1,6,0
5822,"Payerne",251,6061,219,762,1
5827,"Trey",24,204,0,4,0
5828,"Treytorrens (Payerne)",3,97,1,1,0
5830,"Villarzel",19,351,0,10,0
5831,"Valbroye",74,2314,44,140,0
5841,"Château-d'Oex",105,2611,19,214,0
5842,"Rossinière",22,453,1,31,0
5843,"Rougemont",150,659,12,80,0
5851,"Allaman",16,337,6,33,0
5852,"Bursinel",23,281,4,34,0
5853,"Bursins",31,437,7,47,0
5854,"Burtigny",22,259,2,28,0
5855,"Dully",43,274,6,91,0
5856,"Essertines-sur-Rolle",41,391,8,56,0
5857,"Gilly",47,638,7,76,0
5858,"Luins",11,256,2,53,0
5859,"Mont-sur-Rolle",112,1491,50,143,0
5860,"Perroy",63,918,18,104,1
5861,"Rolle",178,3130,162,762,3
5862,"Tartegnin",4,167,4,19,0
5863,"Vinzel",20,241,2,32,0
5871,"L'Abbaye",33,1226,14,31,0
5872,"Le Chenit",108,3807,124,255,3
5873,"Le Lieu",28,703,20,44,0
5882,"Chardonne",226,2016,23,334,2
5883,"Corseaux",154,1756,37,132,0
5884,"Corsier-sur-Vevey",176,2535,110,375,4
5885,"Jongny",117,1078,21,68,2
5886,"Montreux",1398,16695,897,3455,9
5889,"La Tour-de-Peilz",605,8490,295,835,5
5890,"Vevey",599,12526,854,2216,7
5891,"Veytaux",62,701,18,70,0
5892,"Blonay - Saint-Légier",798,7258,126,578,3
5902,"Belmont-sur-Yverdon",1,239,1,6,0
5903,"Bioley-Magnoux",9,157,0,3,0
5904,"Chamblon",26,471,8,8,0
5905,"Champvent",12,419,6,39,0
5907,"Chavannes-le-Chêne",12,210,1,10,0
5908,"Chêne-Pâquier",4,98,0,2,0
5909,"Cheseaux-Noréaz",27,488,0,13,0
5910,"Cronay",4,299,2,3,0
5911,"Cuarny",1,168,2,0,0
5912,"Démoret",2,129,0,2,0
5913,"Donneloye",31,587,1,9,0
5914,"Ependes (VD)",9,288,0,23,0
5919,"Mathod",16,416,2,25,0
5921,"Molondin",7,172,0,2,0
5922,"Montagny-près-Yverdon",21,536,17,32,0
5923,"Oppens",8,144,0,18,0
5924,"Orges",7,187,1,8,0
5925,"Orzens",3,189,0,5,0
5926,"Pomy",11,556,9,7,0
5928,"Rovray",2,120,0,2,0
5929,"Suchy",19,316,0,10,0
5930,"Suscévaz",3,166,0,9,0
5931,"Treycovagnes",13,429,7,9,0
5932,"Ursins",2,164,0,4,0
5933,"Valeyres-sous-Montagny",14,501,12,7,0
5934,"Valeyres-sous-Ursins",2,172,2,4,0
5935,"Villars-Epeney",0,49,0,1,0
5937,"Vugelles-La Mothe",14,81,0,4,0
5938,"Yverdon-les-Bains",553,20268,717,2968,9
5939,"Yvonand",99,2094,18,65,2
6002,"Brig-Glis",10465,197,221,699,8
6004,"Eggerberg",378,2,1,1,0
6007,"Naters",7680,81,189,349,7
6008,"Ried-Brig",1519,21,13,28,1
6009,"Simplon",322,4,3,4,0
6010,"Termen",743,10,3,24,1
6011,"Zwischbergen",69,1,4,4,0
6021,"Ardon",59,1859,41,336,0
6022,"Chamoson",53,2340,23,81,0
6023,"Conthey",136,5716,71,336,2
6024,"Nendaz",164,5029,23,132,2
6025,"Vétroz",121,3253,108,209,0
6032,"Bourg-Saint-Pierre",2,195,6,9,0
6033,"Liddes",5,648,0,6,0
6034,"Orsières",37,2531,8,54,0
6035,"Sembrancher",6,778,4,4,0
6037,"Val de Bagnes",151,6997,104,591,2
6052,"Bellwald",375,3,1,48,0
6054,"Binn",152,1,2,0,0
6056,"Ernen",524,2,1,19,0
6057,"Fiesch",872,7,1,116,0
6058,"Fieschertal",251,1,1,2,0
6061,"Lax",273,0,1,16,0
6076,"Obergoms",645,2,5,24,0
6077,"Goms",1309,13,0,76,0
6082,"Ayent",83,2808,15,94,1
6083,"Evolène",13,1471,7,31,0
6084,"Hérémence",18,1262,4,10,0
6087,"Saint-Martin (VS)",5,887,1,4,0
6089,"Vex",38,1216,4,53,0
6090,"Mont-Noble",38,681,6,9,0
6101,"Agarn",684,10,12,52,0
6102,"Albinen",255,2,0,3,1
6104,"Ergisch",176,0,0,0,0
6109,"Inden",82,3,2,2,0
6110,"Leuk",3417,53,15,175,3
6111,"Leukerbad",1185,67,33,144,2
6112,"Oberems",125,0,0,0,0
6113,"Salgesch",1057,107,11,23,0
6116,"Varen",566,8,3,25,0
6117,"Guttet-Feschel",399,4,1,6,0
6118,"Gampel-Bratsch",1648,16,22,78,1
6119,"Turtmann-Unterems",1081,8,16,47,1
6131,"Bovernier",2,718,1,12,0
6133,"Fully",52,5134,47,350,4
6134,"Isérables",2,912,0,0,0
6135,"Leytron",28,1979,17,104,0
6136,"Martigny",240,13200,620,1373,9
6137,"Martigny-Combe",34,1625,25,46,1
6139,"Riddes",72,1945,33,145,2
6140,"Saillon",28,1365,14,112,0
6141,"Saxon",56,2845,61,349,1
6142,"Trient",2,125,0,3,0
6151,"Champéry",26,996,9,76,0
6152,"Collombey-Muraz",144,5123,140,285,3
6153,"Monthey",295,11856,520,1255,7
6154,"Port-Valais",107,1903,32,322,0
6155,"Saint-Gingolph",31,672,5,65,0
6156,"Troistorrents",90,3381,19,76,1
6157,"Val-d'Illiez",25,1351,9,42,1
6158,"Vionnaz",56,1444,20,40,2
6159,"Vouvry",100,2549,54,257,0
6172,"Bister",33,0,0,0,0
6173,"Bitsch",721,7,7,12,0
6177,"Grengiols",481,4,0,6,0
6181,"Riederalp",504,4,2,17,0
6191,"Ausserberg",619,3,1,5,0
6192,"Blatten",280,0,0,1,0
6193,"Bürchen",658,5,1,8,0
6194,"Eischoll",485,2,1,12,0
6195,"Ferden",280,1,4,1,0
6197,"Kippel",365,3,0,0,0
6198,"Niedergesteln",556,8,2,7,0
6199,"Raron",1534,34,18,85,1
6201,"Unterbäch",410,3,0,13,0
6202,"Wiler (Lötschen)",479,0,0,9,0
6203,"Mörel-Filet",642,5,1,28,0
6204,"Steg-Hohtenn",1472,5,7,51,1
6205,"Bettmeralp",460,4,1,11,0
6211,"Collonges",8,446,10,23,1
6212,"Dorénaz",2,582,7,16,0
6213,"Evionnaz",12,850,12,56,0
6214,"Finhaut",6,308,2,2,0
6215,"Massongex",28,1218,24,49,0
6217,"Saint-Maurice",93,3197,123,289,0
6218,"Salvan",31,947,6,36,0
6219,"Vernayaz",23,1413,48,113,0
6220,"Vérossaz",3,430,0,5,1
6232,"Chalais",116,2397,59,84,1
6235,"Chippis",107,1156,91,136,1
6238,"Grône",54,1720,26,65,1
6239,"Icogne",21,364,8,11,0
6240,"Lens",128,2876,110,242,1
6246,"Saint-Léonard",53,1741,20,57,1
6248,"Sierre",1803,10710,765,1033,6
6252,"Anniviers",79,1824,25,106,1
6253,"Crans-Montana",547,6504,362,1333,3
6254,"Noble-Contrée",332,2798,56,84,0
6261,"Arbaz",40,727,1,32,0
6263,"Grimisuat",95,2128,25,83,0
6265,"Savièse",188,5013,25,114,1
6266,"Sion",1554,23436,865,2450,19
6267,"Veysonnaz",9,441,2,15,0
6281,"Baltschieder",1020,7,6,17,0
6282,"Eisten",217,0,0,8,1
6283,"Embd",348,2,1,2,0
6285,"Grächen",1229,4,1,19,1
6286,"Lalden",626,1,0,24,0
6287,"Randa",320,1,1,82,0
6288,"Saas-Almagell",384,1,3,9,0
6289,"Saas-Balen",390,2,0,5,0
6290,"Saas-Fee",1243,16,12,181,2
6291,"Saas-Grund",1068,3,11,85,0
6292,"St. Niklaus",2234,10,17,42,1
6293,"Stalden (VS)",1118,6,7,18,0
6294,"Staldenried",549,1,1,2,1
6295,"Täsch",710,7,7,106,1
6296,"Törbel",494,0,0,4,0
6297,"Visp",5778,107,111,551,3
6298,"Visperterminen",1328,3,5,20,1
6299,"Zeneggen",224,1,1,9,0
6300,"Zermatt",4093,226,474,1194,1
6404,"Boudry",224,4593,159,335,0
6408,"Cortaillod",171,3800,122,279,1
6413,"Rochefort",61,995,10,64,1
6416,"Milvignes",391,7151,191,470,5
6417,"La Grande Béroche",403,7267,220,500,7
6421,"La Chaux-de-Fonds",900,31653,1335,3096,32
6422,"Les Planchettes",16,205,1,3,0
6423,"La Sagne",29,946,8,14,0
6432,"La Brévine",22,616,1,7,1
6433,"Brot-Plamboz",2,253,0,0,0
6434,"Le Cerneux-Péquignot",8,300,0,5,0
6435,"La Chaux-du-Milieu",4,389,1,4,0
6436,"Le Locle",226,10370,441,650,6
6437,"Les Ponts-de-Martel",47,1215,6,28,1
6451,"Cornaux",76,1286,31,78,2
6452,"Cressier (NE)",99,1537,105,180,2
6453,"Enges",25,256,2,6,0
6454,"Hauterive (NE)",164,2175,92,205,1
6455,"Le Landeron",328,3587,91,220,1
6456,"Lignières",46,832,3,32,1
6458,"Neuchâtel",2272,34118,1736,4476,13
6459,"Saint-Blaise",243,2573,109,189,3
6461,"La Tène",301,3420,161,308,1
6487,"Val-de-Ruz",437,12796,245,640,10
6504,"La Côte-aux-Fées",22,496,2,9,0
6511,"Les Verrières",32,661,4,35,3
6512,"Val-de-Travers",300,9701,331,574,4
6601,"Aire-la-Ville",25,625,11,73,2
6602,"Anières",94,1578,22,336,1
6603,"Avully",44,1543,26,122,1
6604,"Avusy",55,1019,11,92,0
6605,"Bardonnex",53,1788,44,208,1
6606,"Bellevue",93,1210,42,455,1
6607,"Bernex",421,7759,168,725,3
6608,"Carouge (GE)",567,13700,846,2468,9
6609,"Cartigny",23,632,6,87,0
6610,"Céligny",38,487,2,72,0
6611,"Chancy",30,785,11,87,0
6612,"Chêne-Bougeries",481,7631,250,1390,7
6613,"Chêne-Bourg",213,5781,262,959,6
6614,"Choulex",23,812,12,88,0
6615,"Collex-Bossy",42,1023,19,192,3
6616,"Collonge-Bellerive",296,5010,135,901,2
6617,"Cologny",225,3575,93,801,3
6618,"Confignon",137,2650,38,208,0
6619,"Corsier (GE)",74,1361,32,215,0
6620,"Dardagny",52,1088,32,112,0
6621,"Genève",7050,128622,7320,34859,113
6622,"Genthod",96,1582,58,434,1
6623,"Le Grand-Saconnex",372,5759,293,1689,1
6624,"Gy",12,336,4,18,0
6625,"Hermance",36,643,14,122,1
6626,"Jussy",35,995,14,63,0
6627,"Laconnex",26,465,6,43,0
6628,"Lancy",883,20422,1029,3344,10
6629,"Meinier",62,1461,24,147,2
6630,"Meyrin",817,14320,809,3590,12
6631,"Onex",538,13064,767,2042,8
6632,"Perly-Certoux",84,2403,89,205,1
6633,"Plan-les-Ouates",286,5890,151,476,1
6634,"Pregny-Chambésy",158,2081,84,686,0
6635,"Presinge",15,520,6,73,0
6636,"Puplinge",99,1877,30,251,1
6637,"Russin",15,340,4,33,0
6638,"Satigny",137,2208,62,376,2
6639,"Soral",18,542,3,34,0
6640,"Thônex",483,9626,405,1620,7
6641,"Troinex",80,1747,24,177,2
6642,"Vandoeuvres",131,1876,42,283,1
6643,"Vernier",908,21767,1452,5409,23
6644,"Versoix",415,7611,281,1999,3
6645,"Veyrier",517,7271,158,945,1
6702,"Boécourt",32,744,16,19,3
6703,"Bourrignon",14,268,0,4,0
6704,"Châtillon (JU)",10,364,2,2,0
6706,"Courchapoix",5,393,1,0,0
6708,"Courrendlin",148,2505,46,115,1
6709,"Courroux",96,2505,40,87,5
6710,"Courtételle",46,1999,57,78,0
6711,"Delémont",350,9574,449,975,5
6712,"Develier",33,1175,15,30,0
6713,"Ederswiler",109,13,2,5,0
6715,"Mervelier",31,543,1,10,0
6716,"Mettembert",14,99,2,1,0
6718,"Movelier",89,298,1,2,0
6719,"Pleigne",58,347,0,3,0
6721,"Rossemaison",20,468,11,2,0
6722,"Saulcy",7,256,0,1,0
6724,"Soyhières",86,387,11,16,0
6729,"Haute-Sorne",239,5817,159,282,1
6730,"Val Terbi",182,2638,19,43,0
6741,"Le Bémont (JU)",8,337,1,0,0
6742,"Les Bois",46,958,6,19,0
6743,"Les Breuleux",41,1331,11,62,0
6745,"Les Enfers",18,110,0,2,0
6748,"Les Genevez (JU)",24,488,2,2,0
6750,"Lajoux (JU)",25,572,3,6,0
6751,"Montfaucon",41,484,0,5,0
6753,"Muriaux",33,429,2,3,1
6754,"Le Noirmont",47,1425,25,64,0
6757,"Saignelégier",100,2317,21,119,3
6758,"Saint-Brais",18,188,1,5,0
6759,"Soubey",22,114,0,0,0
6771,"Alle",24,1436,45,37,0
6774,"Boncourt",29,1312,6,10,1
6778,"Bure",13,670,1,0,0
6781,"Coeuve",18,607,0,11,1
6782,"Cornol",29,742,9,17,0
6783,"Courchavon",10,280,0,3,0
6784,"Courgenay",77,1912,27,44,2
6785,"Courtedoux",18,709,3,8,1
6789,"Fahy",7,369,6,4,0
6790,"Fontenais",64,1520,14,23,0
6792,"Grandfontaine",28,301,0,1,0
6800,"Porrentruy",191,6046,147,367,2
6806,"Vendlincourt",28,566,10,13,0
6807,"Basse-Allaine",54,1256,4,24,0
6808,"Clos du Doubs",82,1244,13,36,0
6809,"Haute-Ajoie",80,1064,4,15,0
6810,"La Baroche",104,1152,10,10,1
6811,"Damphreux-Lugnez",45,338,2,8,0
6812,"Basse-Vendline",25,131,1,0,0
