"Canton (-) / District (>>) / Commune (......)","Date et objet","Bulletins valables","Oui","Oui en %"
"Suisse","2024-06-09 Loi fédérale relative à un approvisionnement en électricité sûr reposant sur des énergies renouvelables (modification de la loi sur l'énergie et de la loi sur l'approvisionnement en électricité)",2499418,1717607,68.72
"Suisse","2024-06-09 Initiative populaire «Pour la liberté et l'intégrité physique»",2493846,655106,26.27
"Suisse","2024-06-09 Initiative populaire « Pour des primes plus basses. Frein aux coûts dans le système de santé (initiative pour un frein aux coûts) »",2491155,927386,37.23
"Suisse","2024-06-09 Initiative populaire « Maximum 10% du revenu pour les primes d'assurance-maladie (initiative d'allègement des primes) »",2508740,1117095,44.53
"Suisse","2024-03-03 Initiative populaire «Pour une prévoyance vieillesse sûre et pérenne (initiative sur les rentes)»",3202508,808578,25.25
"Suisse","2024-03-03 Initiative populaire «Mieux vivre à la retraite (initiative pour une 13e rente AVS)»",3234621,1884096,58.25
"Suisse","2023-06-18 Modification de la loi fédérale sur les bases légales des ordonnances du Conseil fédéral visant à surmonter l'épidémie de COVID-19 (Loi COVID-19)",2321994,1438216,61.94
"Suisse","2023-06-18 Loi fédérale sur les objectifs en matière de protection du climat, sur l'innovation et sur le renforcement de la sécurité énergétique (LCl)",2338051,1380974,59.07
"Suisse","2023-06-18 Arrêté fédéral sur une imposition particulière des grands groupes d'entreprises (Mise en oeuvre du projet conjoint de l'OCDE et du G20 sur l'imposition des grands groupes d'entreprises)",2298548,1803309,78.45
"Suisse","2022-09-25 Modification de la loi fédérale sur l'impôt anticipé (Renforcement du marché des capitaux de tiers)",2742687,1316230,47.99
"Suisse","2022-09-25 Modification de la loi fédérale sur l'assurance-vieillesse et survivants (AVS 21)",2853987,1442591,50.55
"Suisse","2022-09-25 Arrêté fédéral sur le financement additionnel de l'AVS par le biais d'un relèvement de la TVA",2852260,1570813,55.07
"Suisse","2022-09-25 Initiative populaire «Non à l'élevage intensif en Suisse (initiative sur l'élevage intensif)»",2861791,1062703,37.13
"Suisse","2022-05-15 Reprise du règlement de l'UE relatif au corps européen de garde-frontières et de garde-côtes (développement de l'acquis de Schengen)",2130678,1523005,71.48
"Suisse","2022-05-15 Modification de la loi fédérale sur la transplantation d'organes, de tissus et de cellules (Loi sur la transplantation)",2191395,1319276,60.20
"Suisse","2022-05-15 Modification de la loi fédérale sur la culture et la production cinématographiques (Loi sur le cinéma, LCin)",2148408,1255038,58.42
"Suisse","2022-02-13 Loi fédérale sur un train de mesures en faveur des médias",2388446,1084802,45.42
"Suisse","2022-02-13 Modification de la loi fédérale sur les droits de timbre (LT)",2363416,883251,37.37
"Suisse","2022-02-13 Initiative populaire «Oui à la protection des enfants et des jeunes contre la publicité pour le tabac» (enfants et jeunes sans publicité pour le tabac)",2420284,1371177,56.65
"Suisse","2022-02-13 Initiative populaire «Oui à l'interdiction de l'expérimentation animale et humaine - Oui aux approches de recherche qui favorisent la sécurité et le progrès»",2394546,499485,20.86
"Suisse","2021-11-28 Modification de la loi fédérale sur les bases légales des ordonnances du Conseil fédéral visant à surmonter l'épidémie de COVID-19) (Loi COVID-19) (Cas de rigueur, assurance-chômage, accueil extra-familial pour enfants, acteurs culturels, manife",3583678,2222594,62.02
"Suisse","2021-11-28 Initiative populaire «Désignation des juges fédéraux par tirage au sort» (Initiative sur la justice)",3430137,1094989,31.92
"Suisse","2021-11-28 Initiative populaire «Pour des soins infirmiers forts» (Initiative sur les soins infirmiers)",3544096,2161272,60.98
"Suisse","2021-09-26 Modification du code civil suisse (Mariage pour tous)",2852949,1828642,64.10
"Suisse","2021-09-26 Initiative populaire «Alléger les impôts sur les salaires, imposer équitablement le capital»",2810307,987045,35.12
"Suisse","2021-06-13 Loi fédérale sur les mesures policières de lutte contre le terrorisme (MPT)",3202178,1811795,56.58
"Suisse","2021-06-13 Loi fédérale sur la réduction des émissions de gaz à effet de serre (Loi sur le CO2)",3239242,1568032,48.41
"Suisse","2021-06-13 Loi fédérale sur les bases légales des ordonnances du Conseil fédéral visant à surmonter l'épidémie de COVID-19 (Loi COVID-19)",3216472,1936344,60.20
"Suisse","2021-06-13 Initiative populaire «Pour une Suisse libre de pesticides de synthèse»",3245187,1280026,39.44
"Suisse","2021-06-13 Initiative populaire «Pour une eau potable propre et une alimentation saine - Pas de subventions pour l'utilisation de pesticides et l'utilisation d'antibiotiques à titre prophylactique»",3246449,1276117,39.31
"Suisse","2021-03-07 Arrêté fédéral portant approbation de l'Accord de partenariat économique de large portée entre les États de l'AELE et l'Indonésie",2727150,1408462,51.65
"Suisse","2021-03-07 Loi fédérale sur les services d'identification électronique (LSIE)",2762770,984574,35.64
"Suisse","2021-03-07 Initiative «Oui à l'interdiction de se dissimuler le visage»",2788094,1427344,51.19
"Suisse","2020-11-29 Initiative populaire «Pour une interdiction du financement des producteurs de matériel de guerre»",2542334,1081684,42.55
"Suisse","2020-11-29 Initiative populaire « Entreprises responsables - pour protéger l'être humain et l'environnement »",2560809,1299129,50.73
"Suisse","2020-09-27 Arrêté fédéral relatif à l'acquisition de nouveaux avions de combat",3203163,1605839,50.13
"Suisse","2020-09-27 Loi sur les allocations pour perte de gain (contre-projet indirect à l'initiative populaire « Pour un congé de paternité raisonnable - en faveur de toute la famille »)",3204015,1933310,60.34
"Suisse","2020-09-27 Loi fédérale sur l'impôt fédéral direct (LIFD) (Déduction fiscale des frais de garde des enfants par des tiers)",3167686,1164451,36.76
"Suisse","2020-09-27 Loi fédérale sur la chasse et la protection des mammifères et oiseaux sauvages (Loi sur la chasse, LChP)",3185132,1531027,48.07
"Suisse","2020-09-27 Initiative populaire «Pour une immigration modérée (initiative de limitation)»",3222344,1233995,38.29
"Suisse","2020-02-09 Code pénal et code pénal militaire (Discrimination et incitation à la haine en raison de l'orientation sexuelle)",2241395,1414160,63.09
"Suisse","2020-02-09 Initiative populaire «Davantage de logements abordables»",2244071,963740,42.95
"Suisse","2019-05-19 Arrêté fédéral portant approbation et mise en oeuvre de l'échange de notes entre la Suisse et l'UE concernant la reprise de la directive (UE) 2017/853 modifiant la directive de l'UE sur les armes (Développement de l'acquis de Schengen)",2356154,1501880,63.74
"Suisse","2019-05-19 Loi fédérale relative à la réforme fiscale et au financement de l'AVS (RFFA)",2321604,1541147,66.38
"Suisse","2019-02-10 Initiative populaire «Stopper le mitage - pour un développement durable du milieu bâti (initiative contre le mitage)»",2028754,737241,36.34
"Suisse","2018-11-25 Modification de la loi fédérale sur la partie générale du droit des assurances sociales (LPGA) (Base légale pour la surveillance des assurés)",2577021,1667849,64.72
"Suisse","2018-11-25 Initiative populaire «Le droit suisse au lieu de juges étrangers (initiative pour l'autodétermination)»",2585789,872288,33.73
"Suisse","2018-11-25 Initiative populaire «Pour la dignité des animaux de rente agricoles (initiative pour les vaches à cornes)»",2528872,1144845,45.27
"Suisse","2018-09-23 Initiative populaire «Pour la souveraineté alimentaire. L'agriculture nous concerne toutes et tous»",1987195,628301,31.62
"Suisse","2018-09-23 Initiative populaire «Pour des denrées alimentaires saines et produites dans des conditions équitables et écologiques (initiative pour des aliments équitables)»",2002147,774821,38.70
"Suisse","2018-09-23 Arrêté fédéral concernant les voies cyclables et les chemins et sentiers pédestres (contre-projet direct à l'initiative populaire « Pour la promotion des voies cyclables et des chemins et sentiers pédestres [initiative vélo] »)",2004253,1475000,73.59
"Suisse","2018-06-10 Loi fédérale sur les jeux d'argent",1818231,1326207,72.94
"Suisse","2018-06-10 Initiative populaire «Pour une monnaie à l'abri des crises: émission monétaire uniquement par la Banque nationale! (Initiative Monnaie pleine)»",1821927,442387,24.28
"Suisse","2018-03-04 Initiative populaire «Oui à la suppression des redevances radio et télévision (suppression des redevances Billag)»",2932139,833837,28.44
"Suisse","2018-03-04 Arrêté fédéral concernant le nouveau régime financier 2021",2803550,2358086,84.11
"Suisse","2017-09-24 Loi fédérale sur la réforme de la prévoyance vieillesse 2020",2507155,1186203,47.31
"Suisse","2017-09-24 Arrêté fédéral sur le financement additionnel de l'AVS par le biais d'un relèvement de la taxe sur la valeur ajoutée",2511951,1254795,49.95
"Suisse","2017-09-24 Arrêté fédéral sur la sécurité alimentaire",2468099,1943180,78.73
"Suisse","2017-05-21 Loi sur l'énergie (LEne)",2271316,1322263,58.22
"Suisse","2017-02-12 Loi fédérale sur l'amélioration des conditions fiscales en vue de renforcer la compétitivité du site entrepreneurial suisse",2417473,989311,40.92
"Suisse","2017-02-12 Arrêté fédéral sur la création d'un fonds pour les routes nationales et pour le trafic d'agglomération",2427529,1503746,61.95
"Suisse","2017-02-12 Arrêté fédéral concernant la naturalisation facilitée des étrangers de la troisième génération",2482471,1499627,60.41
"Suisse","2016-11-27 Initiative populaire «Pour la sortie programmée de l'énergie nucléaire»",2400269,1099409,45.80
"Suisse","2016-09-25 Loi fédérale sur le renseignement (Lrens)",2227133,1459068,65.51
"Suisse","2016-09-25 Initiative populaire «AVSplus: pour une AVS forte»",2269407,921375,40.60
"Suisse","2016-09-25 Initiative populaire «Pour une économie durable et fondée sur une gestion efficiente des ressources (économie verte)»",2250043,819770,36.43
"Suisse","2016-06-05 Modification de la loi sur l'asile (LAsi)",2420683,1616597,66.78
"Suisse","2016-06-05 Loi fédérale sur la procréation médicalement assistée (LPMA)",2387735,1490417,62.42
"Suisse","2016-06-05 Initiative populaire «Pour un financement équitable des transports»",2429635,709974,29.22
"Suisse","2016-06-05 Initiative populaire «Pour un revenu de base inconditionnel»",2466188,568660,23.06
"Suisse","2016-06-05 Initiative populaire «En faveur du service public»",2422010,784303,32.38
"Suisse","2016-02-28 Loi fédérale sur le transit routier dans la région alpine (Réfection du tunnel routier du Gothard)",3304249,1883859,57.01
"Suisse","2016-02-28 Initiative populaire «Pas de spéculation sur les denrées alimentaires»",3213723,1287786,40.07
"Suisse","2016-02-28 Initiative populaire «Pour le renvoi effectif des étrangers criminels (initiative de mise en oeuvre)»",3342063,1375098,41.15
"Suisse","2016-02-28 Initiative populaire «Pour le couple et la famille - Non à la pénalisation du mariage»",3273376,1609152,49.16
"Suisse","2015-06-14 Loi fédérale sur la radio et la télévision",2253395,1128522,50.08
"Suisse","2015-06-14 Initiative populaire «Imposer les successions de plusieurs millions pour financer notre AVS (Réforme de la fiscalité successorale)»",2271833,657851,28.96
"Suisse","2015-06-14 Initiative populaire «Initiative sur les bourses d'études»",2222195,610284,27.46
"Suisse","2015-06-14 Arrêté fédéral concernant la modification de l'article constitutionnel relatif à la procréation médicalement assistée et au génie génétique dans le domaine humain",2224478,1377613,61.93
"Suisse","2015-03-08 Initiative populaire «Remplacer la taxe sur la valeur ajoutée par une taxe sur l'énergie»",2185731,175405,8.03
"Suisse","2015-03-08 Initiative populaire «Aider les familles! Pour des allocations pour enfant et des allocations de formation professionnelle exonérées de l'impôt»",2187904,537795,24.58
"Suisse","2014-11-30 Initiative populaire «Sauvez l'or de la Suisse (Initiative sur l'or)»",2554665,580528,22.72
"Suisse","2014-11-30 Initiative populaire «Halte à la surpopulation - Oui à la préservation durable des ressources naturelles»",2591553,671099,25.90
"Suisse","2014-11-30 Initiative populaire «Halte aux privilèges fiscaux des millionnaires (abolition des forfaits fiscaux)»",2581239,1053125,40.80
"Suisse","2014-09-28 Initiative populaire «Pour une caisse publique d'assurance-maladie»",2445048,933012,38.16
"Suisse","2014-09-28 Initiative populaire «Stop à la TVA discriminatoire pour la restauration!»",2403390,684563,28.48
"Suisse","2014-05-18 Loi fédérale sur le fonds d'acquisition de l'avion de combat Gripen",2888487,1345726,46.59
"Suisse","2014-05-18 Initiative populaire «Pour la protection de salaires équitables (Initiative sur les salaires minimums)»",2897763,687571,23.73
"Suisse","2014-05-18 Initiative populaire «Pour que les pédophiles ne travaillent plus avec des enfants»",2864526,1819822,63.53
"Suisse","2014-05-18 Arrêté fédéral concernant les soins médicaux de base (contre-projet direct à l'initiative populaire «Oui à la médecine de famille», qui a été retirée)",2817066,2480870,88.07
"Suisse","2014-02-09 Initiative populaire «Contre l'immigration de masse»",2908406,1463854,50.33
"Suisse","2014-02-09 Initiative populaire «Financer l'avortement est une affaire privée - Alléger l'assurance-maladie en radiant les coûts de l'interruption de grossesse de l'assurance de base»",2892609,873060,30.18
"Suisse","2014-02-09 Arrêté fédéral portant règlement du financement et de l'aménagement de l'infrastructure ferroviaire (contre-projet direct à l'initiative populaire «Pour les transports publics», qui a été retirée)",2865054,1776878,62.02
"Suisse","2013-11-24 Loi fédérale concernant la redevance pour l'utilisation des routes nationales",2750116,1087368,39.54
"Suisse","2013-11-24 Initiative populaire «Initiative pour les familles: déductions fiscales aussi pour les parents qui gardent eux-mêmes leurs enfants»",2744161,1139670,41.53
"Suisse","2013-11-24 Initiative populaire «1:12 - Pour des salaires équitables»",2751717,954787,34.70
"Suisse","2013-09-22 Loi sur le travail (libéralisation des heures d'ouverture des shops des stations-service)",2374036,1324528,55.79
"Suisse","2013-09-22 Loi fédérale sur la lutte contre les maladies transmissibles de l'homme (loi sur les épidémies)",2361128,1416741,60.00
"Suisse","2013-09-22 Initiative populaire «Oui à I'abrogation du service militaire obligatoire»",2407796,644985,26.79
"Suisse","2013-06-09 Loi sur l'asile (LAsi) (Modifications urgentes de la loi sur l'asile)",2005181,1573007,78.45
"Suisse","2013-06-09 Initiative populaire «Élection du Conseil fédéral par le peuple»",2030371,480291,23.66
"Suisse","2013-03-03 Loi fédérale sur l'aménagement du territoire",2348456,1476942,62.89
"Suisse","2013-03-03 Initiative populaire «contre les rémunérations abusives»",2378159,1616184,67.96
"Suisse","2013-03-03 Arrêté fédéral sur la politique familiale",2362482,1283951,54.35
"Suisse","2012-11-25 Modification de la loi sur les épizooties (LFE)",1385704,946220,68.28
"Suisse","2012-09-23 Initiative populaire «Protection contre le tabagisme passif»",2179190,741205,34.01
"Suisse","2012-09-23 Initiative populaire «Sécurité du logement à la retraite»",2139511,1014016,47.39
"Suisse","2012-09-23 Arrêté fédéral sur la promotion de la formation musicale des jeunes",2135276,1552045,72.69
"Suisse","2012-06-17 Modification de la loi fédérale sur l'assurance-maladie (Réseaux de soins)",1949529,466862,23.95
"Suisse","2012-06-17 Initiative populaire «Pour le renforcement des droits populaires dans la politique étrangère (accords internationaux: la parole au peuple!)»",1942832,480173,24.72
"Suisse","2012-06-17 Initiative populaire «Accéder à la propriété grâce à l'épargne-logement»",1934288,601449,31.09
"Suisse","2012-03-11 Loi fédérale sur la réglementation du prix du livre",2200855,966633,43.92
"Suisse","2012-03-11 Arrêté fédéral concernant la réglementation des jeux d'argent en faveur de l'utilité publique",2200290,1916182,87.09
"Suisse","2012-03-11 Initiative populaire «6 semaines de vacances pour tous»",2303703,771717,33.50
"Suisse","2012-03-11 Initiative populaire «Pour un traitement fiscal privilégié de l'épargne-logement destinée à l'acquisition d'une habitation à usage personnel ou au financement de travaux visant à économiser l'énergie ou à préserver l'environnement»",2218098,980273,44.19
"Suisse","2012-03-11 Initiative populaire «Pour en finir avec les constructions envahissantes de résidences secondaires»",2276400,1152598,50.63
"Suisse","2011-02-13 Initiative populaire «Pour la protection face à la violence des armes»",2479124,1083312,43.70
"Suisse","2010-11-28 Initiative populaire «Pour des impôts équitables. Stop aux abus de la concurrence fiscale»",2583818,1073229,41.54
"Suisse","2010-11-28 Initiative sur le renvoi et contre-projet: question subsidiaire",2674627,1252761,49.63
"Suisse","2010-11-28 Arrêté fédéral concernant l'expulsion et le renvoi des criminels étrangers dans le respect de la Constitution (contre-projet à l'initiative sur le renvoi)",2674627,1189269,45.79
"Suisse","2010-11-28 Initiative populaire «Pour le renvoi des étrangers criminels»",2674627,1397923,52.91
"Suisse","2010-09-26 Loi fédérale sur l'assurance-chômage obligatoire et l'indemnité en cas d'insolvabilité",1795014,958913,53.42
"Suisse","2010-03-07 Loi fédérale sur la prévoyance professionnelle vieillesse, survivants et invalidité (LPP) (Taux de conversion minimal)",2263578,617209,27.27
"Suisse","2010-03-07 Initiative populaire «Contre les mauvais traitements envers les animaux et pour une meilleure protection juridique de ces derniers»",2276872,671731,29.50
"Suisse","2010-03-07 Article constitutionnel concernant la recherche sur l'être humain",2212655,1708488,77.21
"Suisse","2009-11-29 Initiative populaire «Contre la construction de minarets»",2669450,1535010,57.50
"Suisse","2009-11-29 Initiative populaire «Pour l'interdiction d'exporter du matériel de guerre»",2635288,837156,31.77
"Suisse","2009-11-29 Arrêté fédéral sur la création d'un financement spécial en faveur de tâches dans le domaine du trafic aérien",2476795,1609682,64.99
"Suisse","2009-09-27 Arrêté fédéral portant suppression de l'initiative populaire générale",1925901,1307237,67.88
"Suisse","2009-09-27 Arrêté fédéral relatif au financement additionnel de l'AI par un relèvement temporaire des taux de la TVA",2039548,1112818,54.56
"Suisse","2009-05-17 Arrêté fédéral portant approbation et mise en oeuvre de l'échange de notes entre la Suisse et l'UE concernant le Règlement relatif aux passeports biométriques",1900665,953173,50.15
"Suisse","2009-05-17 Article constitutionnel «Pour la prise en compte des médecines complémentaires» (Contre-projet à l'initiative populaire «Oui aux médecines complémentaires»)",1915453,1283893,67.03
"Suisse","2009-02-08 Reconduction de l'accord entre la CH et l'UE sur la libre circulation des personnes, ainsi qu'approbation du protocole visant à étendre l'accord à la Bulgarie et à la Roumanie",2545031,1517132,59.61
"Suisse","2008-11-30 Loi fédérale sur les stupéfiants et les substances psychotropes",2264920,1541928,68.08
"Suisse","2008-11-30 Initiative populaire «pour une politique raisonnable en matière de chanvre protégeant efficacement la jeunesse»",2304885,846985,36.75
"Suisse","2008-11-30 Initiative populaire «Droit de recours des organisations: Assez d'obstructionnisme - Plus de croissance pour la Suisse!»",2275233,773467,34.00
"Suisse","2008-11-30 Initiative populaire «pour un âge de l'AVS flexible»",2344819,970221,41.38
"Suisse","2008-11-30 Initiative populaire «pour l'imprescriptibilité des actes de pornographie enfantine»",2325442,1206323,51.87
"Suisse","2008-06-01 Article constitutionnel «Qualité et efficacité économique dans l'assurance-maladie»",2167007,661310,30.52
"Suisse","2008-06-01 Initiative populaire «Souveraineté du peuple sans propagande gouvernementale»",2173117,538926,24.80
"Suisse","2008-06-01 Initiative populaire «Pour des naturalisations démocratiques»",2219972,804728,36.25
"Suisse","2008-02-24 Loi fédérale sur l'amélioration des conditions fiscales applicables aux activités entrepreneuriales et aux investissements",1857732,938742,50.53
"Suisse","2008-02-24 Initiative populaire «Contre le bruit des avions de combat à réaction dans les zones touristiques»",1883177,601070,31.92
"Suisse","2007-06-17 Loi fédérale sur l'assurance-invalidité",1758910,1039282,59.09
"Suisse","2007-03-11 Initiative populaire «Pour une caisse maladie unique et sociale»",2232130,641917,28.76
"Suisse","2006-11-26 Loi fédérale sur les allocations familiales",2178211,1480796,67.98
"Suisse","2006-11-26 Loi fédérale sur la coopération avec l'Europe de l'Est",2168684,1158494,53.42
"Suisse","2006-09-24 Modification de la loi sur l'asile",2359186,1598552,67.76
"Suisse","2006-09-24 Loi fédérale sur les étrangers",2357253,1602134,67.97
"Suisse","2006-09-24 Initiative populaire «Bénéfices de la Banque nationale pour l'AVS»",2333345,973831,41.74
"Suisse","2006-05-21 Arrêté fédéral modifiant les articles de la Constitution sur la formation",1329116,1137450,85.58
"Suisse","2005-11-27 Loi sur le travail (Heures d'ouverture des commerces dans les centres de transports publics)",2030733,1026833,50.56
"Suisse","2005-11-27 Initiative populaire «pour des aliments produits sans manipulations génétiques»",2022317,1125835,55.67
"Suisse","2005-09-25 Arrêté fédéral relatif à l'extension de l'accord sur la libre circulation des personnes aux nouveaux Etats membres de l'UE et à la révision des mesures d'accompagnement",2605826,1458686,55.98
"Suisse","2005-06-05 Loi fédérale sur le partenariat enregistré entre personnes du même sexe (Loi sur le partenariat, LPart)",2687368,1559848,58.04
"Suisse","2005-06-05 Arrêté fédéral portant approbation et mise en oeuvre des accords bilatéraux d'association à l'Espace Schengen et à l'Espace Dublin",2704302,1477260,54.63
"Suisse","2004-11-28 Loi fédérale relative à la recherche sur les cellules souches embryonnaires",1742236,1156706,66.39
"Suisse","2004-11-28 Arrêté fédéral sur un nouveau régime financier",1705557,1258895,73.81
"Suisse","2004-11-28 Arrêté fédéral concernant la réforme de la péréquation financière et de la répartition des tâches entre la Confédération et les cantons (RPT)",1715896,1104565,64.37
"Suisse","2004-09-26 Loi fédérale sur le régime des allocations pour perte de gain en faveur des personnes servant dans l'armée, dans le service civil ou dans la protection civile (Loi sur les allocations pour perte de gain, LAPG)",2555739,1417159,55.45
"Suisse","2004-09-26 Initiative populaire 'Services postaux pour tous'",2506885,1247771,49.77
"Suisse","2004-09-26 Arrêté fédéral sur l'acquisition de la nationalité par les étrangers de la troisième génération",2561499,1238912,48.37
"Suisse","2004-09-26 Arrêté fédéral sur la naturalisation ordinaire et sur la naturalisation facilitée des jeunes étrangers de la deuxième génération",2558982,1106529,43.24
"Suisse","2004-05-16 Loi fédérale sur la modification d'actes concernant l'imposition du couple et de la famille, l'imposition du logement et les droits de timbre",2407385,821475,34.12
"Suisse","2004-05-16 Arrêté fédéral sur le financement de l'AVS/AI per le biais d'un relèvement de la taxe sur la valeur ajoutée",2407897,756550,31.42
"Suisse","2004-05-16 Loi fédérale sur l'assurance-vieillesse et survivants (11e révision de l'AVS)",2407345,772773,32.10
"Suisse","2004-02-08 Initiative populaire «Internement à vie pour les délinquants sexuels ou violents jugés très dangereux et non amendables»",2133436,1198867,56.19
"Suisse","2004-02-08 Code des obligations (Bail à loyer). Modification",2103019,755561,35.93
"Suisse","2004-02-08 Contre-projet relatif à l'initiative populaire «Avanti - pour des autoroutes sûres et performantes»",2152132,800632,37.20
"Suisse","2003-05-18 Initiative populaire «Pour une offre appropriée en matière de formation professionnelle»",2287256,722931,31.61
"Suisse","2003-05-18 Initiative populaire «Moratoire-plus - Pour la prolongation du moratoire dans la construction de centrales nucléaires et la limitation du risque nucléaire»",2297297,955624,41.60
"Suisse","2003-05-18 Initiative populaire «Sortir du nucléaire - Pour un tournant dans le domaine de l'énergie et pour la désaffectation progressive des centrales nucléaires»",2324152,783586,33.71
"Suisse","2003-05-18 Initiative populaire «Droits égaux pour les personnes handicapées»",2310142,870249,37.67
"Suisse","2003-05-18 Initiative populaire «La santé à un prix abordable»",2307767,625073,27.09
"Suisse","2003-05-18 Initiative populaire «pour un dimanche sans voitures par saison - un essai limité à quatre ans»",2342747,881953,37.65
"Suisse","2003-05-18 Initiative populaire «pour des loyers loyaux»",2289789,749388,32.73
"Suisse","2003-05-18 Loi fédérale sur la protection de la population et sur la protection civile",2270837,1829339,80.56
"Suisse","2003-05-18 Loi fédérale sur l'armée (armée XXI)",2260029,1718452,76.04
"Suisse","2003-02-09 Loi fédérale sur l'adaptation des participations cantonales aux coûts des traitements hospitaliers",1329801,1028673,77.36
"Suisse","2003-02-09 Arrêté fédéral relatif à la révision des droits populaires",1327643,934005,70.35
"Suisse","2002-11-24 Loi fédérale sur l'assurance-chômage obligatoire et l'indemnité en cas d'insolvabilité",2201223,1234793,56.10
"Suisse","2002-11-24 Initiative populaire «contre les abus dans le droit d'asile»",2242892,1119342,49.91
"Suisse","2002-09-22 Loi sur le marché de l'électricité",2051182,972770,47.42
"Suisse","2002-09-22 Initiative sur l'or et contre-projet: question subsidiaire",2122367,953316,48.30
"Suisse","2002-09-22 L'or à l'AVS, aux cantons et à la Fondation (contre projet à l'initiative sur l'or)",2122367,984537,48.22
"Suisse","2002-09-22 Initiative populaire «pour le versement au fonds AVS des réserves d'or excédentaires de la Banque nationale suisse»",2122367,984058,47.56
"Suisse","2002-06-02 Initiative populaire «pour la mère et l'enfant - pour la protection de l'enfant à naître et pour l'aide à sa mère dans la détresse»",1931302,352432,18.25
"Suisse","2002-06-02 Code pénal suisse (interruption de grossesse, régime du délai)",1939650,1399545,72.15
"Suisse","2002-03-03 Initiative populaire «pour une durée du travail réduite»",2708133,686935,25.37
"Suisse","2002-03-03 Initiative populaire «pour l'adhésion de la Suisse à l'Organisation des Nations Unies (ONU)»",2726739,1489110,54.61
"Suisse","2001-12-02 Initiative populaire «pour un impôt sur les gains en capital»",1744109,594927,34.11
"Suisse","2001-12-02 Initiative populaire «La solidarité crée la sécurité: pour un service civil volontaire pour la paix (SCP)»",1744091,404870,23.21
"Suisse","2001-12-02 Initiative populaire «pour une politique de sécurité crédible et une Suisse sans armée»",1757325,384905,21.90
"Suisse","2001-12-02 Initiative populaire «pour garantir l'AVS - taxer l'énergie et non le travail!»",1739748,397747,22.86
"Suisse","2001-12-02 Arrêté fédéral concernant un frein à l'endettement",1737349,1472259,84.74
"Suisse","2001-06-10 Arrêté fédéral portant abrogation de la disposition constitutionnelle soumettant l'érection des évêchés à l'approbation de la Confédération",1860664,1194556,64.20
"Suisse","2001-06-10 Loi fédérale sur l'armée et l'administration militaire (Coopération en matière d'instruction)",1957777,1001274,51.14
"Suisse","2001-06-10 Loi fédérale sur l'armée et l'administration militaire (Armement)",1965626,1002297,50.99
"Suisse","2001-03-04 Initiative populaire «pour plus de sécurité à l'intérieur des localités grâce à une vitesse maximale de 30 km/h assortie d'exceptions (Rues pour tous)»",2588923,525609,20.30
"Suisse","2001-03-04 Initiative populaire «pour des médicaments à moindre prix»",2565718,791589,30.85
"Suisse","2001-03-04 Initiative populaire «Oui à l'Europe!»",2579766,597217,23.15
"Suisse","2000-11-26 Loi sur le personnel de la Confédération",1876376,1253995,66.83
"Suisse","2000-11-26 Initiative populaire «pour des coûts hospitaliers moins élevés»",1917536,343008,17.89
"Suisse","2000-11-26 Initiative populaire «Economiser dans l'armée et la défense générale - pour davantage de paix et d'emplois d'avenir»",1921970,723047,37.62
"Suisse","2000-11-26 Initiative populaire «pour une retraite à la carte dès 62 ans, tant pour les femmes que pour les hommes»",1924757,885772,46.02
"Suisse","2000-11-26 Initiative populaire «pour un assouplissement de l'AVS - contre le relèvement de l'âge de la retraite des femmes»",1916131,756337,39.47
"Suisse","2000-09-24 Initiative populaire «pour davantage de droits au peuple grâce au référendum avec contre-proposition»",1984806,676776,34.10
"Suisse","2000-09-24 Initiative populaire «pour une réglementation de l'immigration»",2084850,754626,36.20
"Suisse","2000-09-24 Article constitutionnel relatif à une redevance incitative sur l'énergie en faveur de l'environnement",2017747,898050,44.51
"Suisse","2000-09-24 Initiative solaire et contre-projet: question subsidiaire",2037256,570401,34.56
"Suisse","2000-09-24 Article constitutionnel sur une redevance pour l'encouragement des énergies renouvelables",2037256,922481,46.63
"Suisse","2000-09-24 Initiative populaire «pour l'introduction d'un centime solaire»",2037256,636848,31.82
"Suisse","2000-05-21 Arrêté fédéral portant approbation des accords sectoriels entre, d'une part, la Confédération suisse et, d'autre part, la Communauté européenne",2228073,1497093,67.19
"Suisse","2000-03-12 Initiative populaire «visant à réduire de moitié le trafic routier motorisé afin de maintenir et d'améliorer des espaces vitaux (initiative pour la réduction du trafic)»",1948123,415605,21.33
"Suisse","2000-03-12 Initiative populaire «pour la protection de l'être humain contre les techniques de reproduction artificielle (initiative pour une procréation respectant la dignité humaine [PPD])»",1911167,539795,28.24
"Suisse","2000-03-12 Initiative populaire «pour une représentation équitable des femmes dans les autorités fédérales (initiative du 3 mars)»",1927173,346314,17.97
"Suisse","2000-03-12 Initiative populaire «pour une démocratie directe plus rapide (délai de traitement des initiatives populaires présentées sous forme de projet rédigé de toutes pièces)»",1909954,573038,30.00
"Suisse","2000-03-12 Arrêté fédéral sur la réforme de la justice",1864462,1610107,86.36
"Suisse","1999-06-13 Loi fédérale sur l'assurance-maternité",2109282,822458,38.99
"Suisse","1999-06-13 Loi fédérale sur l'assurance-invalidité",2049783,620797,30.29
"Suisse","1999-06-13 Arrêté fédéral sur la prescription médicale d'héroïne",2073312,1128393,54.42
"Suisse","1999-06-13 Arrêté fédéral sur les mesures d'urgence dans le domaine de l'asile et des étrangers",2043892,1447984,70.84
"Suisse","1999-06-13 Loi sur l'asile",2044526,1443137,70.59
"Suisse","1999-04-18 Arrêté fédéral relatif à une mise à jour de la Constitution fédérale",1638468,969310,59.16
"Suisse","1999-02-07 Loi fédérale sur l'aménagement du territoire",1702612,952482,55.94
"Suisse","1999-02-07 Initiative populaire «Propriété du logement pour tous»",1746742,721717,41.32
"Suisse","1999-02-07 Arrêté fédéral concernant un article constitutionnel sur la médecine de la transplantation",1711188,1501925,87.77
"Suisse","1999-02-07 Arrêté fédéral concernant la modification des conditions d'éligibilité au Conseil fédéral",1723592,1287081,74.67
"Suisse","1998-11-29 Loi fédérale sur le travail dans l'industrie, l'artisanat et le commerce",1692989,1072978,63.38
"Suisse","1998-11-29 Initiative populaire «pour une politique raisonnable en matière de drogue»",1743521,453451,26.01
"Suisse","1998-11-29 Arrêté fédéral sur un nouvel article céréalier de durée limitée",1660058,1318585,79.43
"Suisse","1998-11-29 Arrêté fédéral relatif à la réalisation et au financement des projets d'infrastructure des transports publics",1739008,1104294,63.50
"Suisse","1998-09-27 Initiative populaire «pour la 10e révision de l'AVS sans relèvement de l'âge de la retraite»",2348105,973966,41.48
"Suisse","1998-09-27 Initiative populaire «pour des produits alimentaires bon marché et des exploitations agricoles écologiques»",2329460,535436,22.99
"Suisse","1998-09-27 Loi fédérale concernant une redevance sur le trafic des poids lourds liée aux prestations",2370105,1355735,57.20
"Suisse","1998-06-07 Initiative populaire «S.o.S. - pour une Suisse sans police fouineuse»",1834144,451089,24.59
"Suisse","1998-06-07 Initiative populaire «pour la protection de la vie et de l'environnement contre les manipulations génétiques (Initiative pour la protection génétique)»",1877266,624964,33.29
"Suisse","1998-06-07 Arrêté fédéral instituant des mesures visant à équilibrer le budget",1810815,1280329,70.70
"Suisse","1997-09-28 Initiative populaire «Jeunesse sans drogue»",1859773,545713,29.34
"Suisse","1997-09-28 Arrêté fédéral sur le financement de l'assurance-chômage",1832818,901361,49.18
"Suisse","1997-06-08 Arrêté fédéral concernant la suppression de la régale des poudres",1543211,1268162,82.18
"Suisse","1997-06-08 Initiative populaire «pour l'interdiction d'exporter du matériel de guerre»",1605033,361164,22.50
"Suisse","1997-06-08 Initiative populaire «Négociations d'adhésion à l'UE: que le peuple décide!»",1606160,416720,25.95
"Suisse","1996-12-01 Loi fédérale sur le travail dans l'industrie, l'artisanat et le commerce",2116835,697874,32.97
"Suisse","1996-12-01 Initiative populaire «contre l'immigration clandestine»",2121168,982867,46.34
"Suisse","1996-06-09 Loi sur l'organisation du gouvernement et de l'administration (LOGA)",1382620,544630,39.39
"Suisse","1996-06-09 Contre-projet de l'Assemblée fédérale relatif à l'initiative populaire «Paysans et consommateurs - pour une agriculture en accord avec la nature»",1400408,1086534,77.59
"Suisse","1996-03-10 Arrêté fédéral concernant la suppression des contributions fédérales aux places de stationnement près des gares",1374011,741219,53.95
"Suisse","1996-03-10 Arrêté fédéral concernant l'abrogation de l'obligation de rachat des appareils à distiller et de prise en charge de l'eau-de-vie",1349998,1090783,80.80
"Suisse","1996-03-10 Arrêté fédéral supprimant la compétence cantonale en matière d'acquisition de l'équipement personnel des militaires",1376700,601613,43.70
"Suisse","1996-03-10 Arrêté fédéral sur le transfert de la commune bernoise de Vellerat au canton du Jura",1364833,1250728,91.64
"Suisse","1996-03-10 Arrêté fédéral concernant la révision de l'article constitutionnel sur les langues (art. 116 cst.)",1381205,1052052,76.17
"Suisse","1995-06-25 Loi fédérale sur l'acquisition d'immeubles par des personnes à l'étranger (LFAIE)",1797375,834673,46.44
"Suisse","1995-06-25 Initiative populaire «pour l'extension de l'AVS et de l'AI»",1806568,499266,27.64
"Suisse","1995-06-25 Loi fédérale sur l'assurance-vieillesse et survivants",1828402,1110053,60.71
"Suisse","1995-03-12 Arrêté fédéral instituant un frein aux dépenses",1668056,1390831,83.38
"Suisse","1995-03-12 Loi fédérale sur l'agriculture (contributions de solidarité)",1696671,569950,33.59
"Suisse","1995-03-12 Arrêté sur l'économie laitière 1988 (AEL 1988)",1699352,620745,36.53
"Suisse","1995-03-12 Contre-projet de l'Assemblée fédérale relatif à  l'initiative populaire «pour une agriculture paysanne compétitive et respectueuse de l'environnement»",1702322,836215,49.12
"Suisse","1994-12-04 Loi fédérale sur les mesures de contrainte en matière de droit des étrangers",1968337,1435040,72.91
"Suisse","1994-12-04 Initiative populaire «pour une saine assurance-maladie»",1964851,460674,23.45
"Suisse","1994-12-04 Loi fédérale sur l'assurance-maladie (LAMal)",1971535,1021175,51.80
"Suisse","1994-09-25 Code pénal suisse. Code pénal militaire",2072637,1132662,54.65
"Suisse","1994-09-25 Arrêté fédéral supprimant la réduction du prix du blé indigène financée par les droits de douane",1995076,1288697,64.59
"Suisse","1994-06-12 Loi fédérale concernant les troupes suisses chargées d'opération en faveur du maintien de la paix (LOMP)",2103362,899626,42.77
"Suisse","1994-06-12 Arrêté fédéral sur la révision du droit de la nationalité dans la constitution fédérale (Naturalisation facilitée pour les jeunes étrangers)",2108615,1114158,52.84
"Suisse","1994-06-12 Arrêté fédéral concernant l'introduction dans la constitution fédérale d'un article sur l'encouragement de la culture (art. 27septies cst.)",2077213,1059025,50.98
"Suisse","1994-02-20 Loi sur la navigation aérienne",1771559,1081844,61.07
"Suisse","1994-02-20 Initiative populaire «pour la protection des régions alpines contre le trafic de transit»",1838853,954491,51.91
"Suisse","1994-02-20 Arrêté fédéral concernant l'introduction d'une redevance sur le trafic de poids lourds liée, soit aux prestations, soit à la consommation",1819541,1221630,67.14
"Suisse","1994-02-20 Arrêté fédéral concernant la prorogation de la redevance sur le trafic des poids lourds",1833464,1324242,72.23
"Suisse","1994-02-20 Arrêté fédéral concernant la prorogation de la redevance pour l'utilisation des routes nationales",1839486,1259609,68.48
"Suisse","1993-11-28 Initiative populaire «pour la prévention des problèmes liés au tabac»",2043318,521433,25.52
"Suisse","1993-11-28 Initiative populaire «pour la prévention des problèmes liés à l'alcool»",2043219,516054,25.26
"Suisse","1993-11-28 Arrêté fédéral sur les impôts de consommation spéciaux",1998398,1212002,60.65
"Suisse","1993-11-28 Arrêté fédéral prévoyant des mesures garantissant le maintien de la sécurité sociale",2011254,1258782,62.59
"Suisse","1993-11-28 Arrêté fédéral concernant la contribution à l'assainissement des finances fédérales",2016326,1163887,57.72
"Suisse","1993-11-28 Arrêté fédéral sur le régime financier",2021431,1347400,66.66
"Suisse","1993-09-26 Arrêté fédéral sur les mesures en matière d'assurance-chômage",1740182,1225069,70.40
"Suisse","1993-09-26 Arrêté fédéral sur des mesures temporaires contre le renchérissement de l'assurance-maladie",1758211,1416209,80.55
"Suisse","1993-09-26 Initiative populaire «pour un jour de la fête nationale férié (Initiative 1er août)»",1781407,1492285,83.77
"Suisse","1993-09-26 Arrêté fédéral sur le rattachement du district bernois de Laufon au canton de Bâle-Campagne",1581834,1188941,75.16
"Suisse","1993-09-26 Arrêté fédéral contre l'usage abusif d'armes",1784808,1539782,86.27
"Suisse","1993-06-06 Initiative populaire «pour une Suisse sans nouveaux avions de combat»",2510405,1074661,42.81
"Suisse","1993-06-06 Initiative populaire «40 places d'armes ça suffit! - L'armée doit aussi se soumettre à la législation sur la protection de l'environnement»",2515705,1124893,44.71
"Suisse","1993-03-07 Initiative populaire «pour l'abolition des expériences sur animaux»",2286091,634758,27.77
"Suisse","1993-03-07 Arrêté fédéral supprimant l'interdiction des maisons de jeu",2298452,1665454,72.46
"Suisse","1993-03-07 Loi fédérale concernant l'augmentation des droits d'entrée sur les carburants",2310440,1259373,54.51
"Suisse","1992-12-06 Arrêté fédéral sur l'espace économique européen (EEE)",3549580,1762872,49.66
"Suisse","1992-09-27 Loi fédérale sur le droit foncier rural",1975408,1058317,53.57
"Suisse","1992-09-27 Loi fédérale sur les droits de timbre",2001930,1230579,61.47
"Suisse","1992-09-27 Loi fédérale sur les contributions destinées à couvrir les coûts d'infrastructures des groupes et des députés (Loi sur les coûts d'infrastructures)",1930081,590484,30.59
"Suisse","1992-09-27 Loi fédérale sur les indemnités dues aux membres des conseils législatifs et sur les contributions aux groupes (Loi sur les indemnités parlementaires)",1967722,542768,27.58
"Suisse","1992-09-27 Loi fédérale sur la procédure de l'Assemblée fédérale, ainsi que sur la forme, la publication et l'entrée en vigueur des actes législatifs (Loi sur les rapports entre les conseils)",1891317,1097185,58.01
"Suisse","1992-09-27 Arrêté fédéral relatif à la construction de la ligne ferroviarie suisse à travers les Alpes (Arrêté sur le transit alpin)",2052962,1305914,63.61
"Suisse","1992-05-17 Code pénal suisse. Code pénal militaire (Infraction contre l'intégrité sexuelle)",1717327,1255604,73.11
"Suisse","1992-05-17 Arrêté fédéral pour l'introduction d'un service civil pour les objecteurs de conscience",1747704,1442263,82.52
"Suisse","1992-05-17 Contre-projet de l'Assemblée fédérale relatif à l'initiative populaire «contre l'application abusive des techniques de reproduction et de manipulation génetique à l'espèce humaine»",1721687,1271052,73.83
"Suisse","1992-05-17 Initiative populaire «pour la sauvegarde de nos eaux»",1738070,644083,37.06
"Suisse","1992-05-17 Loi fédérale sur la protection des eaux (LEaux)",1742946,1151706,66.08
"Suisse","1992-05-17 Loi fédérale concernant la participation de la Suisse aux institutions de Bretton Woods",1648183,929926,56.42
"Suisse","1992-05-17 Arrêté fédéral concernant l'adhésion de la Suisse aux institutions de Bretton Woods",1654238,923685,55.84
"Suisse","1992-02-16 Initiative populaire «pour une réduction stricte et progressive des expériences sur les animaux  (Limitons strictement l'expérimentation animale!)»",1982134,864898,43.63
"Suisse","1992-02-16 Initiative populaire «pour une assurance-maladie financièrement supportable (Initiative des caisses-maladie)»",1968545,772995,39.27
"Suisse","1991-06-02 Code pénal militaire (CPM)",1468116,817458,55.68
"Suisse","1991-06-02 Arrêté fédéral sur le nouveau régime des finances fédérales",1455306,664318,45.65
"Suisse","1991-03-03 Initiative populaire «pour l'encouragement des transports publics»",1337094,496600,37.14
"Suisse","1991-03-03 Arrêté fédéral abaissant à 18 ans l'âge requis pour l'exercice du droit de vote et d'éligibilité",1349072,981425,72.75
"Suisse","1990-09-23 Loi fédérale sur la circulation routière",1702691,898958,52.80
"Suisse","1990-09-23 Arrêté fédéral relatif à un article constitutionnel sur l'énergie",1708786,1214940,71.10
"Suisse","1990-09-23 Initiative populaire «Halte à la construction de centrales nucléaires (moratoire)»",1735306,946087,54.52
"Suisse","1990-09-23 Initiative populaire «pour un abandon progressif de l'énergie atomique»",1732049,816300,47.13
"Suisse","1990-04-01 Loi fédérale d'organisation judiciaire",1638423,775885,47.36
"Suisse","1990-04-01 Arrêté fédéral sur la viticulture",1652816,771207,46.66
"Suisse","1990-04-01 Initiative populaire «contre la construction d'une autoroute entre Bienne et Soleure / Zuchwil»",1739696,592237,34.04
"Suisse","1990-04-01 Initiative populaire «pour un district du Knonau sans autoroutes»",1745060,547359,31.37
"Suisse","1990-04-01 Initiative populaire «pour une région sans autoroute entre Morat et Yverdon»",1747004,571648,32.72
"Suisse","1990-04-01 Initiative populaire «Halte au bétonnage - pour une stabilisation du réseau routier»",1755812,500615,28.51
"Suisse","1989-11-26 Initiative populaire «pro vitesse 130/100»",2962979,1126458,38.02
"Suisse","1989-11-26 Initiative populaire «pour une Suisse sans armée et pour une politique globale de paix»",2956918,1052442,35.59
"Suisse","1989-06-04 Initiative populaire «pour une protection des exploitations paysannes et contre les fabriques d'animaux (Initiative en faveur des petits paysans)»",1515465,741772,48.95
"Suisse","1988-12-04 Initiative populaire «pour la limitation de l'immigration»",2238421,731929,32.70
"Suisse","1988-12-04 Initiative populaire «pour la réduction de la durée du travail»",2244800,769264,34.27
"Suisse","1988-12-04 Initiative populaire «ville-campagne contre la spéculation foncière»",2230103,686398,30.78
"Suisse","1988-06-12 Initiative populaire «visant à abaisser à 62 ans pour les hommes et à 60  ans pour les femmes l'âge donnant droit à la rente AVS»",1777930,624390,35.12
"Suisse","1988-06-12 Arrêté fédéral relatif à la modification de la constitution fédérale visant à créer les bases d'une politique coordonnée des transports",1753255,797955,45.51
"Suisse","1987-12-06 Initiative populaire «pour la protection des marais - Initiative de Rothenthurm»",1997003,1153448,57.76
"Suisse","1987-12-06 Loi fédérale sur l'assurance-maladie",1989678,571447,28.72
"Suisse","1987-12-06 Arrêté fédéral concernant le projet RAIL 2000",2001750,1140857,56.99
"Suisse","1987-04-05 Arrêté fédéral concernant la procédure de vote relative aux initiatives populaires accompagnées d'un contre-projet",1708657,1080992,63.27
"Suisse","1987-04-05 Initiative populaire «demandant le droit de référendum en matière de dépenses militaires»",1760846,714209,40.56
"Suisse","1987-04-05 Loi fédérale sur le séjour et l'établissement des étrangers",1707487,1122027,65.71
"Suisse","1987-04-05 Loi sur l'asile",1752412,1180082,67.34
"Suisse","1986-12-07 Initiative populaire «pour une juste imposition du trafic des poids lourds (redevance sur les poids lourds)»",1434542,485930,33.87
"Suisse","1986-12-07 Arrêté fédéral concernant l'initiative populaire «pour la protection des locataires»",1432711,922221,64.37
"Suisse","1986-09-28 Arrêté fédéral sur l'économie sucrière indigène",1435505,547779,38.16
"Suisse","1986-09-28 Initiative populaire «pour une formation professionnelle et un recyclage garantis»",1423997,261759,18.38
"Suisse","1986-09-28 Contre-projet à l'initiative populaire «en faveur de la culture»",1394571,548081,44.99
"Suisse","1986-09-28 Initiative populaire «en faveur de la culture»",1394571,232326,18.14
"Suisse","1986-03-16 Arrêté fédéral sur l'adhésion de la Suisse à l'Organisation des Nations Unies",2102863,511713,24.33
"Suisse","1985-12-01 Initiative populaire «pour la suppression de la vivisection»",1558480,459358,29.47
"Suisse","1985-09-22 Code civil suisse (Effets généraux du mariage, régime matrimonial et successions)",1684362,921743,54.72
"Suisse","1985-09-22 Arrêté fédéral instituant une garantie contre les risques à l'innovation en faveur des petites et moyennes entreprises",1612795,695288,43.11
"Suisse","1985-09-22 Arrêté fédéral concernant l'initiative populaire «demandant l'harmonisation du début de l'année scolaire dans tous les cantons» (Initiative sur la rentrée scolaire)",1672922,984463,58.85
"Suisse","1985-06-09 Arrêté fédéral portant suppression de l'aide aux producteurs cultivant le blé pour leurs propres besoins",1379907,787156,57.04
"Suisse","1985-06-09 Arrêté fédéral fixant la nouvelle répartition des recettes nettes provenant de l'imposition des boissons distillées",1358453,982318,72.31
"Suisse","1985-06-09 Arrêté fédéral supprimant la part des cantons au produit net des droits de timbre",1357905,903345,66.52
"Suisse","1985-06-09 Initiative populaire «pour le droit à la vie»",1447093,448016,30.96
"Suisse","1985-03-10 Initiative populaire «pour une extension de la durée des vacances payées» (Initiative sur les vacances)",1408676,489995,34.78
"Suisse","1985-03-10 Arrêté fédéral sur les subsides de formation",1368571,651854,47.63
"Suisse","1985-03-10 Arrêté fédéral supprimant l'obligation incombant à la Confédération d'allouer des subventions dans le domaine de la santé publique",1371427,726781,52.99
"Suisse","1985-03-10 Arrêté fédéral supprimant les subventions pour l'instruction primaire",1373103,802882,58.47
"Suisse","1984-12-02 Arrêté fédéral concernant l'initiative populaire «sur l'indemnisation des victimes d'actes de violence criminels»",1512255,1241377,82.09
"Suisse","1984-12-02 Arrêté fédéral concernant un article sur la radio et la télévision",1457424,1001888,68.74
"Suisse","1984-12-02 Initiative populaire «pour une protection efficace de la maternité»",1530416,241442,15.78
"Suisse","1984-09-23 Initiative populaire «pour un approvisionnement en énergie sûr, économique et respectueux de l'environnement»",1690683,773767,45.77
"Suisse","1984-09-23 Initiative populaire «pour un avenir sans nouvelles centrales atomiques»",1694037,762792,45.03
"Suisse","1984-05-20 Initiative populaire «contre le bradage du sol national»",1712951,837997,48.92
"Suisse","1984-05-20 Initiative populaire «contre l'abus du secret bancaire et de la puissance des banques» (Initiative sur les banques)",1723601,464637,26.96
"Suisse","1984-02-26 Initiative populaire «pour un authentique service civil fondé sur la preuve par l'acte»",2132895,771413,36.17
"Suisse","1984-02-26 Arrêté fédéral relatif à une redevance pour l'utilisation des routes nationales",2137548,1132497,52.98
"Suisse","1984-02-26 Arrêté fédéral concernant la perception d'une redevance sur le trafic des poids lourds",2137245,1254489,58.70
"Suisse","1983-12-04 Arrêté fédéral tendant à faciliter certaines naturalisations",1437922,644669,44.83
"Suisse","1983-12-04 Arrêté fédéral sur la révision du droit de la nationalité dans la constitution fédérale",1435538,872981,60.81
"Suisse","1983-02-27 Arrêté fédéral concernant l'article constitutionnel sur l'énergie",1275532,649485,50.92
"Suisse","1983-02-27 Arrêté fédéral concernant une nouvelle réglementation des droits de douane sur les carburants",1289005,679134,52.69
"Suisse","1982-11-28 Contre-projet à l'initiative populaire «tendant à empêcher des abus dans la formation des prix»",1302194,281132,24.83
"Suisse","1982-11-28 Initiative populaire «tendant à empêcher des abus dans la formation des prix»",1302194,730938,57.94
"Suisse","1982-06-06 Loi sur les étrangers",1370672,680404,49.64
"Suisse","1982-06-06 Code pénal suisse (actes de violence criminels)",1382671,880880,63.71
"Suisse","1981-11-29 Arrêté fédéral concernant la prorogation du régime financier et l'amélioration des finances fédérales du 19 juin 1981",1186835,818327,68.95
"Suisse","1981-06-14 Arrêté fédéral concernant l'initiative populaire «pour la protection des droits des consommateurs»",1309006,858012,65.55
"Suisse","1981-06-14 Arrêté fédéral concernant l'initiative populaire «pour l'égalité des droits entre hommes et femmes»",1323587,797702,60.27
"Suisse","1981-04-05 Initiative populaire «être solidaires en faveur d'une nouvelle politique à l'égard des étrangers»",1556684,252531,16.22
"Suisse","1980-11-30 Arrêté fédéral portant révision du régime du blé dans le pays du 20 juin 1980",1594016,1012812,63.54
"Suisse","1980-11-30 Arrêté fédéral fixant la nouvelle répartition des recettes nettes de la Régie fédérale des alcools provenant de l'imposition des boissons distillées du 20 juin 1980",1587227,1127595,71.04
"Suisse","1980-11-30 Arrêté fédéral portant suppression de la quote-part des cantons au produit net des droits de timbre du 20 juin 1980",1574745,1059740,67.30
"Suisse","1980-11-30 Loi fédérale sur la circulation routière",1633109,841901,51.55
"Suisse","1980-03-02 Arrêté fédéral concernant la nouvelle réglementation de l'approvisionnement du pays du 22 juin 1979",1298016,1117007,86.05
"Suisse","1980-03-02 Initiative populaire «concernant la séparation complète de l'Etat et de l'Eglise»",1334042,281475,21.10
"Suisse","1979-05-20 Arrêté fédéral concernant la loi sur l'énergie atomique du 6 octobre 1978",1427056,982634,68.86
"Suisse","1979-05-20 Arrêté fédéral réformant le régime de l'impôt sur le chiffre d'affaires et de l'impôt fédéral direct du 15 décembre 1978",1436516,496882,34.59
"Suisse","1979-02-18 Initiative populaire «pour la sauvegarde des droits populaires et de la sécurité lors de la construction et de l'exploitation d'installations atomiques»",1886326,920400,48.79
"Suisse","1979-02-18 Initiative populaire «contre la publicité pour des produits qui engendrent la dépendance»",1888600,773484,40.96
"Suisse","1979-02-18 Initiative populaire «pour le développement des chemins et sentiers»",1891414,1467356,77.58
"Suisse","1979-02-18 Arrêté fédéral abaissant l'âge requis pour l'exercice du droit de vote et d'éligibilité du 23 juin 1978",1898819,934071,49.19
"Suisse","1978-12-03 Loi fédérale sur la formation professionnelle (LFPr) du 19 avril 1978",1610145,902379,56.04
"Suisse","1978-12-03 Loi fédérale sur l'accomplissement des tâches de la Confédération en matière de police de sécurité du 9 mars 1978",1644337,723922,44.03
"Suisse","1978-12-03 Loi fédérale sur la protection des animaux (LPA) du 9 mars 1978",1639297,1339252,81.70
"Suisse","1978-12-03 Arrêté sur l'économie laitière 1977 (AEL 1977)",1594991,1092586,68.50
"Suisse","1978-09-24 Arrêté fédéral sur la création du canton du Jura (art. 1er et 80 cst.) du 9 mars 1978",1591709,1309841,82.29
"Suisse","1978-05-28 Initiative populaire «pour douze dimanches par année sans véhicules à moteur ni avions»",1869364,678160,36.28
"Suisse","1978-05-28 Loi fédérale sur l'aide aux hautes écoles et la recherche (LHR)",1829474,792457,43.32
"Suisse","1978-05-28 Loi fédérale sur la protection de la grossesse et le caractère punissable de son interruption",1792251,559102,31.20
"Suisse","1978-05-28 Loi sur le tarif des douanes. Modification du 7 octobre 1977",1773072,971907,54.81
"Suisse","1978-05-28 Loi fédérale réglementant l'heure en Suisse",1850235,886373,47.91
"Suisse","1978-02-26 Arrêté fédéral concernant l'article conjoncturel de la constitution",1714764,1172130,68.36
"Suisse","1978-02-26 Initiative populaire «visant à abaisser l'âge donnant droit aux prestations de l'AVS»",1828880,368035,20.12
"Suisse","1978-02-26 Loi fédérale sur l'assurance-vieillesse et survivants (9e revision de l'AVS)",1817709,1192144,65.58
"Suisse","1978-02-26 Initiative populaire «Démocratie dans la construction des routes nationales»",1798093,693801,38.59
"Suisse","1977-12-04 Loi fédérale instituant des mesures propres à équilibrer les finances fédérales",1392388,869264,62.43
"Suisse","1977-12-04 Arrêté fédéral sur l'introduction d'un service civil de remplacement",1419599,533732,37.60
"Suisse","1977-12-04 Loi fédérale sur les droits politiques",1362821,809860,59.43
"Suisse","1977-12-04 Initiative populaire «en vue de l'harmonisation fiscale, d'une imposition plus forte de la richesse et du dégrèvement des bas revenus (Initiative pour l'impôt sur la richesse)»",1438131,638061,44.37
"Suisse","1977-09-25 Initiative populaire «pour la solution du délai»",1924254,929325,48.30
"Suisse","1977-09-25 Arrêté fédéral relevant le nombre de signatures requis pour l'initiative constitutionnelle (Art. 120 et 121 cst.)",1883639,1068153,56.71
"Suisse","1977-09-25 Arrêté fédéral relevant le nombre de signatures requis pour le référendum (Art. 89 et 89bis cst.)",1894489,1096076,57.86
"Suisse","1977-09-25 Initiative populaire contre la pollution atmosphérique causée par les véhicules à moteur",1898201,740841,39.03
"Suisse","1977-09-25 Contre-projet à l'initiative populaire «pour une protection efficace des locataires»",1886411,777602,45.15
"Suisse","1977-09-25 Initiative populaire «pour une protection efficace des locataires»",1886410,796819,43.29
"Suisse","1977-06-12 Arrêté fédéral concernant l'harmonisation fiscale",1848718,1133646,61.32
"Suisse","1977-06-12 Arrêté fédéral réformant le régime de l'impôt sur le chiffre d'affaires et l'impôt fédéral direct",1877873,760829,40.52
"Suisse","1977-03-13 Contre-projet à l'initiative populaire instituant de nouvelles dispositions sur le référendum en matière de traités internationaux",1604447,978999,66.07
"Suisse","1977-03-13 Initiative populaire instituant de nouvelles dispositions sur le référendum en matière de traités internationaux",1604447,351127,23.26
"Suisse","1977-03-13 Initiative populaire «pour une limitation du nombre annuel des naturalisations» (5e initiative contre l'emprise étrangère)",1685054,568867,33.76
"Suisse","1977-03-13 Initiative populaire du Parti républicain «pour la protection de la Suisse» (4e initiative contre l'emprise étrangère)",1678623,495904,29.54
"Suisse","1976-12-05 Initiative populaire pour l'introduction de la semaine de travail de 40 heures",1686077,370228,21.96
"Suisse","1976-12-05 Arrêté fédéral sur la surveillance des prix",1665155,1365788,82.02
"Suisse","1976-12-05 Arrêté fédéral sur la politique du marché de l'argent et du crédit",1575666,1108413,70.35
"Suisse","1976-09-26 Initiative populaire en vue de l'introduction par la Confédération d'une assurance responsabilité civile pour les véhicules à moteurs et les cycles",1241299,301586,24.30
"Suisse","1976-09-26 Arrêté fédéral complétant la constitution par un article sur la radiodiffusion et la télévision",1227362,531328,43.29
"Suisse","1976-06-13 Arrêté fédéral concernant une nouvelle conception de l'assurance-chômage",1268761,866211,68.27
"Suisse","1976-06-13 Arrêté fédéral concernant la conclusion d'un accord entre la Confédération suisse et l'Association internationale de développement (IDA) relatif à un prêt de 200 millions de francs",1264852,550865,43.55
"Suisse","1976-06-13 Loi fédérale sur l'aménagement du territoire",1280367,626134,48.90
"Suisse","1976-03-21 Initiative populaire en faveur d'une imposition plus équitable et de l'abolition des privilèges fiscaux",1418881,599051,42.22
"Suisse","1976-03-21 Contre-projet à l'initiative populaire sur la participation des travailleurs",1457956,431688,30.69
"Suisse","1976-03-21 Initiative populaire sur la participation des travailleurs",1457957,472094,32.82
"Suisse","1975-12-07 Loi fédérale sur l'importation et l'exportation de produits agricoles transformés",1128637,587148,52.02
"Suisse","1975-12-07 Arrêté fédéral concernant une revision de la constitution dans le domaine de l'économie des eaux",1107763,858720,77.52
"Suisse","1975-12-07 Arrêté fédéral modifiant la constitution (liberté d'établissement et réglementation de l'assistance)",1113748,842184,75.62
"Suisse","1975-06-08 Arrêté fédéral freinant les décisions en matière de dépenses",1344826,1021315,75.94
"Suisse","1975-06-08 Arrêté fédéral concernant l'augmentation des recettes fiscales dès 1976",1346682,753641,55.96
"Suisse","1975-06-08 Loi fédérale modifiant le tarif général des douanes",1340929,646787,48.23
"Suisse","1975-06-08 Arrêté fédéral concernant le financement des routes nationales",1349296,721316,53.46
"Suisse","1975-06-08 Arrêté fédéral sur la sauvegarde de la monnaie. Modification du 28 juin 1974",1348621,1153412,85.53
"Suisse","1975-03-02 Arrêté fédéral concernant l'article de la constitution sur la politique conjoncturelle",1028588,542744,52.77
"Suisse","1974-12-08 Contre-projet à l'initiative populaire pour une meilleure assurance-maladie et la révision de la constitution en matière d'assurance-maladie, accidents et maternité",1438339,457923,34.15
"Suisse","1974-12-08 Initiative populaire pour une meilleure assurance-maladie et la révision de la constitution en matière d'assurance-maladie, accidents et maternité",1438339,384155,27.55
"Suisse","1974-12-08 Arrêté fédéral freinant les décisions en matière de dépenses",1394878,934643,67.01
"Suisse","1974-12-08 Arrêté fédéral instituant des mesures propres à améliorer les finances fédérales",1409623,625780,44.39
"Suisse","1974-10-20 Initiative populaire contre l'emprise étrangère et le surpeuplement de la Suisse",2570206,880561,34.26
"Suisse","1973-12-02 Arrêté fédéral concernant un article sur la protection des animaux qui remplace l'article 25bis actuel constitution fédérale",1240494,1041414,83.95
"Suisse","1973-12-02 Arrêté fédéral limitant les amortissements admissibles pour les impôts sur le revenu perçus par la Confédération, les cantons et les communes",1226748,834792,68.05
"Suisse","1973-12-02 Arrêté fédéral concernant la stabilisation du marché de la construction",1252505,881662,70.39
"Suisse","1973-12-02 Arrêté fédéral instituant des mesures dans le domaine du crédit",1244320,810315,65.12
"Suisse","1973-12-02 Arrêté fédéral concernant des mesures de surveillance des prix",1257016,751173,59.76
"Suisse","1973-05-20 Arrêté fédéral abrogeant les articles de la constitution fédérale sur les jésuites et les couvents",1439938,791177,54.95
"Suisse","1973-03-04 Arrêté fédéral complétant la constitution par un article sur l'encouragement de la recherche scientifique",957485,617628,64.51
"Suisse","1973-03-04 Arrêté fédéral modifiant les articles de la constitution sur l'enseignement",961842,507414,52.75
"Suisse","1972-12-03 Arrêté fédéral approuvant les Accords entre la Confédération suisse et la Communauté économique européenne ainsi que les Etats membres de la Communauté européenne du charbon et de l'acier",1854487,1344987,72.53
"Suisse","1972-12-03 Contre-projet à l'initiative populaire pour une véritable retraite populaire et la revision de la constitution en matière de prévoyance-vieillesse, survivants et invalidité",1884833,1393859,76.93
"Suisse","1972-12-03 Initiative populaire pour une véritable retraite populaire et la revision de la constitution en matière de prévoyance-vieillesse, survivants et invalidité",1884831,294488,16.58
"Suisse","1972-09-24 Initiative populaire pour un contrôle renforcé des industries d'armement et l'interdiction d'exportation d'armes",1177876,584391,49.61
"Suisse","1972-06-04 Arrêté fédéral sur la sauvegarde de la monnaie",922138,808974,87.73
"Suisse","1972-06-04 Arrêté fédéral concernant la stabilisation du marché de la construction",929621,774794,83.35
"Suisse","1972-03-05 Arrêté fédéral portant insertion dans la constitution fédérale d'un article 34septies sur la déclaration de force obligatoire générale de baux à loyer et sur des mesures en vue de la protection des locataires",1238216,1057421,85.40
"Suisse","1972-03-05 Contre-projet à l'initiative populaire en vue de la création d'un fonds pour la construction de logements",1244541,727688,62.70
"Suisse","1972-03-05 Initiative populaire en vue de la création d'un fonds pour la construction de logements (initiative Denner)",1244420,359843,30.11
"Suisse","1971-06-06 Arrêté fédéral concernant la prorogation du régime financier de la Confédération",1279480,930878,72.75
"Suisse","1971-06-06 Arrêté fédéral insérant dans la constitution fédérale un article 24septies sur la protection de l'homme et son milieu naturel contre les atteintes nuisibles ou incommodantes",1319290,1222931,92.70
"Suisse","1971-02-07 Arrêté fédéral sur l'institution du suffrage féminin en matière fédérale",944988,621106,65.73
"Suisse","1970-11-15 Arrêté fédéral modifiant le régime des finances fédérales",661082,366117,55.38
"Suisse","1970-09-27 Initiative populaire pour le droit au logement et le développement de la protection de la famille",704458,344640,48.92
"Suisse","1970-09-27 Arrêté fédéral insérant dans la constitution fédéral un article 27quinquies sur l'encouragement de la gymnastique et des sports",702644,524361,74.63
"Suisse","1970-06-07 Initiative populaire contre l'emprise étrangère",1212361,557517,45.99
"Suisse","1970-02-01 Arrêté fédéral sur l'économie sucrière indigène",700676,380023,54.24
"Suisse","1969-09-14 Arrêté fédéral complétant la constitution par des articles 22ter et 22quater (Dispositions constitutionnelles sur le droit foncier)",511818,286282,55.93
"Suisse","1969-06-01 Loi fédérale sur les écoles polytechniques fédérales",521313,179765,34.48
"Suisse","1968-05-19 Loi fédérale sur l'imposition du tabac",574610,277228,48.25
"Suisse","1968-02-18 Arrêté fédéral concernant l'octroi d'une amnistie fiscale générale",648161,400906,61.85
"Suisse","1967-07-02 Initiative populaire contre la spéculation foncière",590312,192991,32.69
"Suisse","1966-10-16 Initiative populaire relative à la lutte contre l'alcoolisme",745509,174242,23.37
"Suisse","1966-10-16 Arrêté fédéral introduisant dans la constitution un article 45bis relatif aux Suisses de l'étranger",721702,491220,68.06
"Suisse","1965-05-16 Loi fédérale modifiant l'arrêté de l'Assemblée fédérale concernant le lait, les produits laitiers et les graisses comestibles",559843,347059,61.99
"Suisse","1965-02-28 Arrêté fédéral concernant la lutte contre le renchérissement par des mesures dans le domaine de la construction",914058,508039,55.58
"Suisse","1965-02-28 Arrêté fédéral concernant la lutte contre le renchérissement par des mesures dans le domaine du marché de l'argent et des capitaux et dans celui du crédit",912487,526341,57.68
"Suisse","1964-12-06 Arrêté fédéral sur le maintien de mesures temporaires en matière de contrôle des prix",580888,461630,79.47
"Suisse","1964-05-24 Loi fédérale sur la formation professionnelle",546649,375052,68.61
"Suisse","1964-02-02 Arrêté fédéral concernant l'octroi d'une amnistie fiscale générale au 1er janvier 1965",656157,275650,42.01
"Suisse","1963-12-08 Arrêté fédéral introduisant dans la constitution un article 27quater sur les bourses d'études et autres aides financières à l'instruction",611631,479987,78.48
"Suisse","1963-12-08 Arrêté fédéral concernant la prorogation du régime financier de la Confédération (Prolongation de validité de l'article 41ter de la constitution et réduction de l'impôt pour la défense nationale)",611756,474786,77.61
"Suisse","1963-05-26 Initiative populaire sur le droit du peuple de décider de l'équipement de l'armée suisse en armes atomiques",725206,274044,37.79
"Suisse","1962-11-04 Arrêté fédéral modifiant l'article 72 de la constitution (élection du Conseil national)",519790,331059,63.69
"Suisse","1962-05-27 Loi fédérale modifiant la loi sur les indemnités de présence et de déplacement des membres du Conseil national et des commissions de l'Assemblée fédérale",557966,176737,31.68
"Suisse","1962-05-27 Arrêté fédéral insérant dans la constitution fédérale un article 24sexies sur la protection de la nature et du paysage",559415,442559,79.11
"Suisse","1962-04-01 Initiative populaire pour l'interdiction des armes atomiques",824030,286884,34.81
"Suisse","1961-12-03 Arrêté fédéral concernant l'industrie horlogère suisse (Statut légal de l'horlogerie)",664862,443483,66.70
"Suisse","1961-10-22 Initiative populaire tendant à l'institution de l'initiative législative en matière fédérale",580292,170950,29.46
"Suisse","1961-03-05 Arrêté fédéral concernant le perception d'une taxe sur les carburants pour moteurs destinée à financer à titre complémentaire les routes nationales",932828,434234,46.55
"Suisse","1961-03-05 Arrêté fédéral concernant l'insertion dans la constitution d'un article 26bis sur les installations de transport par conduites de combustibles ou de carburants liquides ou gazeux",902611,644790,71.44
"Suisse","1960-12-04 Arrêté fédéral modifiant celui qui concerne les mesures complémentaires d'ordre économique et financier applicables à l'économie laitière",710166,400063,56.33
"Suisse","1960-05-29 Arrêté fédéral sur le maintien de mesures temporaires en matière de contrôle des prix",557416,432218,77.54
